frame,x,y,particle
0,239.5,239.5,0
1,138.5,469.0,1
1,455.05405405405406,458.0810810810811,2
1,467.1777777777778,457.5777777777778,3
1,287.48936170212767,380.17021276595744,4
1,186.7319587628866,337.1340206185567,5
1,177.30882352941177,337.6764705882353,6
1,36.0,296.0,7
1,293.0,149.92619926199262,8
1,296.7931034482759,379.08045977011494,9
1,132.6,70.7,10
1,132.55555555555554,56.888888888888886,11
1,118.2,65.83,12
1,347.5,41.0,13
1,352.0,24.0,14
1,346.1111111111111,19.88888888888889,15
1,77.50314465408805,8.0062893081761,16
1,133.4,135.6,17
2,138.0,476.875,1
2,124.28048780487805,471.6341463414634,18
2,467.4516129032258,452.38709677419354,3
2,186.85714285714286,346.2142857142857,5
2,80.13888888888889,10.61111111111111,16
2,127.2247191011236,72.37078651685393,10
2,119.58823529411765,56.05882352941177,12
2,291.7257142857143,151.29142857142858,8
3,123.15094339622641,476.0943396226415,18
3,289.15384615384613,377.2307692307692,4
3,286.84313725490193,150.55882352941177,8
3,295.0,156.0,19
3,178.95833333333334,339.7916666666667,6
4,285.9047619047619,395.5,22
4,289.5,382.5,4
4,296.0,371.5,9
4,294.77777777777777,363.6666666666667,20
4,175.22222222222223,348.77777777777777,5
4,297.5483870967742,395.61290322580646,21
4,289.0478087649402,147.47410358565736,19
4,295.0,135.5,8
4,129.3548387096774,55.193548387096776,11
4,73.39583333333333,8.75,16
4,188.0,332.5,6
5,123.19536423841059,69.02649006622516,10
5,290.09090909090907,143.54545454545453,8
5,293.80392156862746,151.47058823529412,19
6,288.82089552238807,381.53731343283584,4
6,284.9189189189189,151.78378378378378,19
6,73.56410256410257,10.282051282051283,16
6,125.7420634920635,67.53968253968254,10
6,290.5,143.60714285714286,8
7,123.37050359712231,68.58992805755396,10
7,290.42391304347825,154.57608695652175,19
8,293.1171875,155.421875,19
8,288.0,144.0,8
8,105.0,425.5,23
8,72.0,12.0,16
8,120.3840579710145,83.98550724637681,10
9,131.0,81.5,10
9,285.85526315789474,142.0921052631579,8
9,291.86,155.94666666666666,19
9,85.0,440.0,23
10,288.48450704225354,135.09014084507044,8
10,291.1834862385321,159.93577981651376,19
10,114.0,53.0,24
10,130.2,86.3,10
11,115.0,53.5,24
11,128.0,84.0,10
11,289.37894736842105,129.7657894736842,8
11,287.0,153.5,25
11,291.46039603960395,163.9851485148515,19
12,293.05128205128204,134.51282051282053,29
12,289.41639344262296,169.49180327868854,19
12,289.0,155.0,25
12,293.3333333333333,154.0,28
12,284.03508771929825,130.2280701754386,8
12,113.0,49.0,24
12,127.0,83.5,10
12,409.0,66.0,26
12,127.0,53.0,27
12,291.1470588235294,115.01470588235294,30
13,293.1714285714286,132.0,29
13,283.3854166666667,174.55729166666666,19
13,293.59574468085106,164.51063829787233,28
13,291.0,156.0,25
13,292.75949367088606,179.58227848101265,35
13,283.0,137.5,8
13,294.0,124.0,34
13,418.57142857142856,77.42857142857143,26
13,285.0740740740741,116.85185185185185,30
13,112.9245283018868,93.24528301886792,31
13,127.10526315789474,88.21052631578948,10
13,427.49152542372883,70.8135593220339,32
13,127.2,50.2,27
13,113.44186046511628,47.41860465116279,24
13,294.44444444444446,106.11111111111111,33
14,294.1896551724138,182.9655172413793,35
14,282.4925373134328,182.1044776119403,19
14,294.13793103448273,167.0344827586207,28
14,282.0,137.0,8
14,293.0,125.0,34
14,281.14285714285717,124.07142857142857,30
14,113.5,97.88636363636364,31
14,290.11675126903555,105.27918781725889,33
14,115.0,89.0,36
14,126.41176470588235,88.05882352941177,10
14,125.5,51.5,27
14,113.5,43.625,24
14,459.0810810810811,115.1891891891892,37
15,294.0,168.5,25
15,447.0,423.5,38
15,294.93975903614455,186.80722891566265,28
15,283.2277227722772,183.990099009901,19
15,458.7971014492754,116.89855072463769,37
15,288.3333333333333,200.0,35
15,289.0806451612903,102.84946236559139,33
15,114.85526315789474,94.17105263157895,31
15,334.0,43.5,39
15,127.71052631578948,46.03947368421053,27
15,281.3333333333333,120.6231884057971,30
15,113.59574468085107,42.91489361702128,24
16,288.0,201.5,35
16,295.030303030303,192.43939393939394,28
16,281.75,118.5,30
16,457.283105022831,116.89954337899543,37
16,282.4047619047619,190.0952380952381,19
16,288.6363636363636,98.01398601398601,33
16,127.2,44.41428571428571,27
16,113.4,39.68571428571428,24
16,113.0,102.5,31
17,128.0,41.5,27
17,286.70394736842104,92.875,33
17,456.5,110.07407407407408,37
17,281.8139534883721,114.13953488372093,30
17,294.12280701754383,191.87719298245614,28
17,282.6764705882353,194.30882352941177,19
17,288.5882352941176,207.2058823529412,35
17,122.25165562913908,464.158940397351,40
17,131.3068181818182,465.27840909090907,41
18,294.94117647058823,196.58823529411765,28
18,125.94392523364486,465.73208722741435,40
18,455.94444444444446,123.72222222222223,42
18,282.8974358974359,197.05128205128204,19
18,282.0,110.5,30
18,288.5,85.0,33
18,457.6666666666667,111.41666666666667,37
19,126.23676880222841,465.7576601671309,40
19,294.6666666666667,200.0,28
19,283.0,199.17391304347825,19
19,282.0,113.0,30
19,458.0,112.0,37
19,284.0,102.0,33
19,121.0,101.0,31
19,117.0,91.5,43
19,125.0,46.0,27
19,282.0,108.0,44
20,114.0,109.0,47
20,295.0,203.76470588235293,28
20,283.30882352941177,202.05882352941177,19
20,132.0,162.0,45
20,281.8,103.58,44
20,125.17777777777778,42.06666666666667,27
20,117.5,93.5,43
20,286.3611111111111,82.83333333333333,33
20,113.5,33.0,46
20,127.51535836177474,468.358361774744,40
20,125.09677419354838,94.93548387096774,31
21,289.4,229.6,49
21,294.21875,205.08333333333334,28
21,133.76865671641792,470.5,40
21,121.94444444444444,475.3888888888889,48
21,282.7348066298343,213.707182320442,19
21,186.43478260869566,308.60869565217394,50
21,128.0,132.0,51
21,114.2183908045977,33.252873563218394,46
21,124.23404255319149,41.638297872340424,27
21,132.33333333333334,163.16666666666666,45
21,113.88888888888889,112.33333333333333,47
21,281.3333333333333,102.33333333333333,44
22,133.80434782608697,475.2391304347826,40
22,122.44444444444444,458.8888888888889,48
22,297.625,352.875,52
22,289.0,234.0,49
22,282.36170212765956,209.48936170212767,19
22,294.82142857142856,210.03571428571428,28
22,288.0,406.5,53
22,133.0909090909091,164.04545454545453,45
22,283.7142857142857,199.64285714285714,54
22,115.7127659574468,33.829787234042556,46
22,130.5,30.0,27
22,286.0,345.0,55
22,114.07317073170732,112.17073170731707,47
22,121.0,136.0,51
22,282.0,98.5,44
23,130.15,29.025,27
23,114.0,113.0,47
23,132.0,165.5,45
23,283.06451612903226,211.67741935483872,19
23,295.4,212.4,28
23,38.8235294117647,352.29411764705884,56
23,130.21397379912665,457.07860262008734,48
23,117.29508196721312,35.40983606557377,46
24,295.5,215.0,28
24,123.22222222222223,451.80808080808083,40
24,135.05072463768116,446.07246376811594,48
24,86.0,371.5,57
24,124.33333333333333,101.83333333333333,47
24,129.0,33.0,27
24,119.04761904761905,35.976190476190474,46
24,130.36363636363637,24.5,58
24,127.0,136.5,51
25,134.552,444.624,48
25,121.57037037037037,444.93333333333334,40
25,136.0,419.0,60
25,128.6315789473684,420.1842105263158,59
25,284.0,214.0,19
25,120.0,147.5,51
25,117.5,108.0,61
25,120.0,102.0,47
25,120.0,35.5,46
25,128.64864864864865,29.405405405405407,27
25,132.4,168.4,45
26,122.4921875,439.9765625,40
26,119.0,425.5,59
26,121.68085106382979,113.55319148936171,61
26,127.4186046511628,414.4651162790698,60
26,135.6046511627907,433.80930232558137,48
27,114.0,126.0,61
27,120.0,150.0,51
27,133.0,170.5,45
27,283.0,219.5,19
27,295.61538461538464,222.0,28
27,135.49295774647888,429.2769953051643,48
27,293.6666666666667,420.1666666666667,62
27,121.73300970873787,432.70873786407765,40
28,129.03296703296704,423.9516483516484,48
28,125.375,440.125,40
28,286.0,336.5,63
28,295.77777777777777,221.55555555555554,28
28,284.0,219.5,19
28,114.0,19.0,46
29,128.61995249406175,424.69596199524943,48
29,187.0,303.5,64
29,296.0,222.0,28
29,188.0,314.0,65
29,120.0,155.0,51
29,125.87096774193549,26.032258064516128,66
29,115.0,21.5,46
29,284.0,217.0,19
30,187.22727272727272,305.59090909090907,65
30,129.7489539748954,419.7949790794979,48
30,298.0,355.5,67
30,297.0,338.0,68
30,296.5,333.5,63
30,175.0,306.0,64
30,295.6666666666667,220.83333333333334,28
30,284.2857142857143,221.21428571428572,19
30,133.0,174.5,45
30,118.57894736842105,161.52631578947367,69
30,120.41176470588235,154.94117647058823,51
30,114.0,131.0,61
30,125.3409090909091,25.886363636363637,66
30,115.46666666666667,21.6,46
30,336.65384615384613,1.5769230769230769,70
31,188.16666666666666,313.0,74
31,284.5,332.0,63
31,297.0344827586207,335.37931034482756,68
31,284.75,340.875,73
31,124.59154929577464,420.83098591549293,48
31,296.57142857142856,386.57142857142856,71
31,137.1551724137931,412.44827586206895,72
31,175.78125,302.71875,64
31,121.0,438.5,40
31,297.9384615384615,349.5692307692308,67
31,187.07692307692307,299.61538461538464,65
31,294.32,89.24,75
31,284.2857142857143,220.57142857142858,19
31,285.6666666666667,205.66666666666666,77
31,132.0,177.5,45
31,119.234375,160.265625,69
31,113.66666666666667,130.83333333333334,61
31,124.74074074074075,25.24074074074074,66
31,116.0657894736842,21.842105263157894,46
31,334.6666666666667,14.0,76
31,335.0,2.6136363636363638,70
31,297.0,229.0,28
32,284.9212598425197,332.5590551181102,63
32,297.5,336.0,68
32,297.8837209302326,347.5581395348837,67
32,296.87931034482756,382.67241379310343,71
32,286.0,382.0,78
32,122.5,436.0,40
32,130.0,417.0,80
32,127.52830188679245,423.52830188679246,48
32,292.0,431.5,79
32,185.75757575757575,295.8181818181818,65
32,136.58620689655172,411.9310344827586,72
32,286.3333333333333,205.83333333333334,77
32,283.0,90.0,84
32,119.75438596491227,161.2280701754386,69
32,133.2,178.56,45
32,334.0,1.5,70
32,79.0,12.142857142857142,81
32,335.0,14.0,76
32,117.15151515151516,22.166666666666668,46
32,338.6666666666667,1.8333333333333333,82
32,288.0,87.0,83
32,294.4,88.6,75
32,126.0,115.17241379310344,61
32,125.07407407407408,21.555555555555557,66
33,284.5,229.5,19
33,128.97435897435898,427.29059829059827,48
33,136.0,411.0,72
33,296.5652173913044,383.04347826086956,71
33,285.1744966442953,332.4429530201342,63
33,175.63636363636363,299.6818181818182,64
33,295.5,229.5,28
33,133.6346153846154,180.0,45
33,297.38655462184875,336.89915966386553,68
33,117.41176470588235,110.94117647058823,85
33,125.32692307692308,114.6923076923077,61
33,293.6,88.4,75
33,126.32692307692308,16.807692307692307,66
33,346.4117647058824,10.058823529411764,76
33,343.6,1.4,82
33,130.36363636363637,2.3181818181818183,86
33,116.12280701754386,12.640350877192983,46
33,120.15789473684211,162.7719298245614,69
34,176.28571428571428,298.2857142857143,64
34,296.76056338028167,329.84507042253523,68
34,285.1145038167939,334.58015267175574,63
34,129.55555555555554,430.1666666666667,48
34,134.21333333333334,411.16,72
34,124.80188679245283,418.39622641509436,80
34,297.0,382.0,71
34,284.45454545454544,232.0909090909091,19
34,133.52830188679246,180.96226415094338,45
34,121.57446808510639,160.4255319148936,69
34,125.69767441860465,117.44186046511628,61
34,117.07692307692308,117.07692307692308,85
34,343.9605263157895,4.9605263157894735,82
34,128.2020202020202,9.707070707070708,66
34,116.77777777777777,10.090909090909092,46
34,296.4347826086956,229.6086956521739,28
35,133.95238095238096,181.92857142857142,45
35,133.640625,408.9375,72
35,285.97115384615387,330.88461538461536,63
35,296.8076923076923,330.38461538461536,68
35,296.5,231.5,28
35,119.84126984126983,167.26984126984127,69
35,122.75409836065573,415.08196721311475,80
35,116.92307692307692,122.5,85
35,79.0,12.5,81
35,118.10714285714286,13.428571428571429,46
35,344.4270833333333,5.59375,82
35,128.8846153846154,7.769230769230769,66
35,125.55555555555556,120.44444444444444,61
36,457.5652173913044,421.95652173913044,87
36,129.34722222222223,409.50925925925924,72
36,286.85,326.775,63
36,296.0405405405405,327.4189189189189,68
36,296.44827586206895,232.58620689655172,28
36,284.6,231.7,19
36,133.5581395348837,184.93023255813952,45
36,126.0,124.0,61
36,117.66071428571429,124.75,85
36,119.5,14.0,46
36,79.0,12.5,81
36,343.9868421052632,4.421052631578948,82
36,128.36363636363637,3.727272727272727,86
36,120.94545454545455,166.3272727272727,69
37,296.67605633802816,325.3521126760563,68
37,127.0,430.0,48
37,126.0,421.0,80
37,458.1666666666667,427.1666666666667,87
37,130.3935185185185,407.162037037037,72
37,297.0,375.0,71
37,287.7567567567568,324.72972972972974,63
37,176.0,293.0,64
37,295.5,236.0,28
37,133.37777777777777,186.55555555555554,45
37,121.91428571428571,164.88571428571427,69
37,130.5625,164.8125,88
37,126.0,126.28571428571429,61
37,118.02083333333333,126.08333333333333,85
37,346.7857142857143,4.071428571428571,82
37,341.0,0.5,89
37,128.33333333333334,1.8333333333333333,86
38,461.0,458.5,90
38,461.0,451.0,91
38,458.28723404255317,432.0531914893617,87
38,130.2509505703422,403.3384030418251,72
38,296.5652173913044,375.04347826086956,71
38,285.97727272727275,322.0681818181818,63
38,296.359375,320.859375,68
38,284.0,237.5,19
38,295.0,234.5,28
38,133.47457627118644,189.64406779661016,45
38,121.265625,170.421875,69
38,130.5,166.5,88
38,118.5,129.0,85
38,125.4,126.6,61
38,176.0,291.625,64
39,284.96666666666664,320.06666666666666,63
39,459.37142857142857,439.77714285714285,87
39,129.59821428571428,400.98214285714283,72
39,447.8285714285714,465.22857142857146,90
39,185.0,331.5,92
39,296.3333333333333,319.62745098039215,68
39,296.5,374.0,71
39,132.8421052631579,191.35087719298247,45
39,120.37096774193549,174.51612903225808,69
39,130.5,168.0,88
39,121.0,133.0,85
39,128.0,7.5,86
39,175.71428571428572,292.57142857142856,64
40,461.0,459.5,90
40,461.0,453.5,91
40,460.5,428.5,87
40,297.0,372.0,71
40,287.0,340.0,94
40,130.23371647509578,398.68199233716473,72
40,285.1020408163265,319.55102040816325,63
40,296.76851851851853,318.6111111111111,68
40,283.0,238.0,19
40,132.83076923076922,192.52307692307693,45
40,119.0,181.0,69
40,284.0,328.0,93
41,129.725,396.32142857142856,72
41,295.0,350.0,71
41,288.02777777777777,352.1111111111111,94
41,288.0,339.0,93
41,283.84615384615387,240.0,19
41,295.8918918918919,312.36486486486484,68
41,132.96363636363637,194.12727272727273,45
41,118.63076923076923,184.2,69
41,285.4736842105263,318.03508771929825,63
42,132.68627450980392,399.8235294117647,72
42,121.183908045977,396.5287356321839,95
42,291.68992248062017,334.8333333333333,93
42,136.2037037037037,386.25925925925924,96
42,133.19565217391303,196.6304347826087,45
42,118.59740259740259,187.2077922077922,69
42,283.59574468085106,240.74468085106383,19
43,463.0,438.0,91
43,457.0,416.0,87
43,133.76146788990826,392.8807339449541,72
43,291.40727272727275,342.3890909090909,93
43,292.6666666666667,402.0,97
43,118.0,195.0,99
43,120.0,180.0,69
43,350.0,0.5,98
43,132.9090909090909,198.77272727272728,45
44,119.9375,392.25,95
44,462.0,438.0,91
44,458.4117647058824,424.05882352941177,100
44,457.0,416.5,87
44,292.6666666666667,397.0,97
44,460.6363636363636,475.27272727272725,101
44,133.94117647058823,388.5686274509804,96
44,133.0,200.31578947368422,45
44,283.0,243.0,19
44,118.06896551724138,195.56896551724137,99
44,129.69565217391303,178.8695652173913,69
44,124.0,133.5,102
44,346.0,15.5,98
44,291.56296296296296,344.72592592592594,93
45,132.07407407407408,397.4074074074074,72
45,451.6363636363636,470.5,103
45,459.3333333333333,468.9166666666667,101
45,450.0,456.0,91
45,449.96078431372547,434.4313725490196,87
45,459.2244897959184,435.7074829931973,100
45,292.14005602240894,351.1652661064426,93
45,119.63636363636364,392.3181818181818,95
45,132.68571428571428,202.68571428571428,45
45,117.29032258064517,198.66129032258064,99
45,129.81578947368422,182.57894736842104,69
45,115.5,163.5,104
45,125.0,136.0,102
45,346.10714285714283,13.571428571428571,98
45,284.5,246.0,19
46,454.89850746268655,444.14925373134326,100
46,291.1642857142857,344.62857142857143,93
46,132.56521739130434,203.3913043478261,45
46,125.0,189.0,106
46,117.125,201.21428571428572,99
46,128.8181818181818,179.45454545454547,104
46,346.0,12.0,98
46,348.0,5.0,105
46,130.0,188.5,69
47,348.0,2.0,105
47,346.0,9.5,98
47,129.52727272727273,185.94545454545454,69
47,117.12765957446808,206.27659574468086,99
47,133.0,207.16666666666666,45
47,291.34188034188037,343.5128205128205,93
47,126.33333333333333,398.5,72
47,454.532319391635,444.384030418251,100
48,178.0,367.5,107
48,187.0,367.0,108
48,291.35227272727275,340.8068181818182,93
48,126.0,399.5,72
48,454.4086956521739,444.1159420289855,100
48,136.36363636363637,371.27272727272725,95
48,187.0,360.0,109
48,117.19444444444444,206.52777777777777,99
48,133.0,208.3125,45
48,119.0,196.5,106
48,129.58333333333334,188.91666666666666,69
48,345.0,12.0,98
48,336.0,9.0,110
48,348.0,1.5,105
48,284.0,250.0,19
49,133.03225806451613,211.53225806451613,45
49,177.45714285714286,370.1142857142857,107
49,135.91836734693877,368.0,95
49,177.4,360.5,109
49,186.95876288659792,362.17525773195877,108
49,291.2181818181818,337.45454545454544,93
49,285.0,315.0,112
49,291.42105263157896,315.10526315789474,111
49,117.0923076923077,210.66153846153847,99
49,295.0,249.0,113
49,454.11454545454546,447.2909090909091,100
49,119.57142857142857,196.57142857142858,106
49,129.2469135802469,191.66666666666666,69
49,336.1111111111111,7.0,110
49,346.1296296296296,5.518518518518518,98
49,336.0,0.5,105
49,284.0,251.5,19
50,124.96428571428571,391.39285714285717,72
50,119.72,371.2,116
50,132.5,388.5,115
50,451.35238095238094,405.5952380952381,114
50,283.42105263157896,251.10526315789474,19
50,455.07936507936506,460.3904761904762,118
50,451.0,439.5,100
50,134.94444444444446,369.7063492063492,95
50,458.6736842105263,420.5473684210526,117
50,177.62135922330097,367.00970873786406,107
50,130.51612903225808,201.98709677419356,45
50,291.6056338028169,332.90140845070425,93
50,187.13636363636363,361.6454545454545,108
50,336.30434782608694,6.130434782608695,110
50,120.41176470588235,195.94117647058823,106
50,117.27586206896552,212.32758620689654,99
50,347.2857142857143,1.3571428571428572,98
50,291.0,309.0,119
50,284.6666666666667,312.6111111111111,112
50,296.25,313.25,111
51,294.0,372.0,120
51,449.42857142857144,470.57142857142856,123
51,460.56,466.48,121
51,450.0,424.0,100
51,446.5,413.0,117
51,125.0,390.0,72
51,455.7392857142857,407.05,114
51,461.5,476.0,122
51,177.51111111111112,371.35555555555555,107
51,459.0,460.0,118
51,119.5679012345679,367.4567901234568,116
51,133.99328859060404,370.9261744966443,95
51,188.3448275862069,354.41379310344826,109
51,183.5,322.0,124
51,296.6666666666667,310.8333333333333,111
51,288.53960396039605,321.3217821782178,112
51,117.16129032258064,215.0483870967742,99
51,130.67741935483872,205.81290322580645,45
51,129.0,186.0,69
51,187.0909090909091,368.14285714285717,108
52,177.1891891891892,377.5945945945946,125
52,124.0,379.5,72
52,453.5970149253731,397.089552238806,114
52,463.0,473.0,122
52,461.5733333333333,411.58666666666664,100
52,451.5,476.0,123
52,132.69565217391303,375.0652173913044,115
52,447.5903614457831,408.4096385542169,117
52,175.36363636363637,367.09090909090907,107
52,290.65384615384613,311.8313609467456,119
52,119.82075471698113,365.04716981132077,116
52,189.0,357.0,109
52,135.6451612903226,357.60215053763443,95
52,296.44827586206895,254.0344827586207,113
52,133.04545454545453,218.9090909090909,45
52,116.90322580645162,216.0,99
52,120.0,199.5,106
52,128.9558823529412,199.55882352941177,69
52,186.90804597701148,370.0919540229885,108
53,125.0,376.0,72
53,177.6153846153846,379.8076923076923,125
53,458.44541484716154,400.2183406113537,114
53,133.11363636363637,220.4318181818182,45
53,298.0,406.0,126
53,461.5,478.0,122
53,186.79166666666666,374.0,108
53,448.6292134831461,404.2584269662921,117
53,174.80882352941177,364.9852941176471,107
53,121.0,201.0,106
53,134.94615384615383,357.83846153846156,95
53,185.07407407407408,327.25925925925924,124
53,290.640350877193,302.95394736842104,119
53,117.36363636363636,218.72727272727272,99
53,120.0,206.0,127
53,119.73972602739725,359.013698630137,116
53,130.0,200.0,69
54,286.62068965517244,409.63793103448273,128
54,297.8545454545455,408.3272727272727,126
54,447.0873786407767,397.41747572815535,117
54,457.76878612716763,394.19075144508673,114
54,177.53658536585365,382.9024390243902,125
54,132.0,370.0,115
54,186.88235294117646,372.70588235294116,108
54,175.30434782608697,366.30434782608694,107
54,135.10569105691056,350.3414634146341,95
54,186.0,328.0,124
54,290.80555555555554,297.719696969697,119
54,284.0,257.5,113
54,133.26666666666668,222.7111111111111,45
54,117.05714285714286,221.11428571428573,99
54,120.28888888888889,206.15555555555557,127
54,119.41129032258064,353.89516129032256,116
55,185.8695652173913,370.82608695652175,108
55,286.7916666666667,411.5416666666667,128
55,298.46153846153845,411.2692307692308,126
55,178.0,382.0,125
55,453.0,379.5,114
55,459.39166666666665,390.03333333333336,100
55,447.2882882882883,387.23423423423424,117
55,454.2142857142857,369.82142857142856,129
55,129.46153846153845,206.53846153846155,69
55,119.54166666666667,348.90833333333336,116
55,134.29166666666666,348.2916666666667,95
55,290.2255434782609,294.9375,119
55,296.68,255.76,113
55,133.07142857142858,225.14285714285714,45
55,116.71794871794872,222.94871794871796,99
55,120.28,208.58,127
55,175.0,365.0,107
56,453.05882352941177,360.02941176470586,129
56,286.6224489795918,412.7142857142857,128
56,459.41269841269843,389.3015873015873,100
56,448.0103092783505,381.55670103092785,117
56,453.54545454545456,369.45454545454544,114
56,131.0,363.0,115
56,119.32824427480917,344.3893129770992,116
56,298.265306122449,413.4183673469388,126
56,290.43152454780363,289.99483204134367,119
56,133.2941176470588,226.94117647058823,45
56,117.0,227.3125,99
56,120.0,206.5,127
56,129.30434782608697,208.06521739130434,69
56,345.0,1.0,130
56,133.90510948905109,344.8029197080292,95
57,298.0,419.12264150943395,126
57,286.3188405797101,417.92753623188406,128
57,126.72340425531915,377.8510638297872,115
57,461.82142857142856,376.83035714285717,114
57,448.0879120879121,375.02197802197804,117
57,455.0,365.0,129
57,178.0,351.5,107
57,182.85555555555555,357.662962962963,108
57,119.63694267515923,339.5796178343949,116
57,129.42857142857142,211.07142857142858,69
57,295.0,305.5,131
57,294.68518518518516,285.787037037037,132
57,286.469696969697,292.9015151515151,119
57,294.0,272.0,113
57,134.14285714285714,230.07142857142858,45
57,117.0,228.31034482758622,99
57,120.0,209.5,127
57,133.2559241706161,343.22748815165875,95
58,454.9259259259259,360.5925925925926,129
58,298.0194174757282,424.873786407767,126
58,447.9056603773585,369.70754716981133,117
58,182.1898148148148,353.2916666666667,108
58,297.0,408.0,133
58,286.4251968503937,422.8897637795276,128
58,461.2654867256637,371.85840707964604,114
58,120.03246753246754,335.2987012987013,116
58,296.9824561403509,282.5964912280702,132
58,292.21153846153845,303.47115384615387,131
58,284.2439024390244,281.5609756097561,119
58,133.67567567567568,231.83783783783784,45
58,117.0,230.5,99
58,129.95238095238096,217.0,69
58,119.65,213.6,127
58,133.84324324324325,334.17297297297296,95
59,297.85483870967744,427.89516129032256,126
59,286.51666666666665,429.10833333333335,128
59,297.0,410.0,133
59,448.76666666666665,365.3333333333333,117
59,456.5,355.5,129
59,461.68794326241135,364.87943262411346,114
59,182.78804347826087,351.6630434782609,108
59,120.84795321637426,329.32748538011697,116
59,296.71084337349396,279.2409638554217,132
59,291.6458333333333,299.0,131
59,284.0125,276.0875,119
59,134.42222222222222,234.57777777777778,45
59,117.63636363636364,233.06060606060606,99
59,120.39285714285714,215.35714285714286,127
59,129.63636363636363,215.36363636363637,69
59,133.78238341968913,327.139896373057,95
60,462.11299435028246,357.82485875706215,114
60,453.34615384615387,339.88461538461536,134
60,457.22222222222223,347.27777777777777,129
60,133.81140350877192,318.9736842105263,95
60,297.0,413.0,133
60,286.8904109589041,432.7328767123288,128
60,297.6056338028169,432.38028169014086,126
60,449.01869158878503,360.0,117
60,181.90677966101694,350.4830508474576,108
60,296.8085106382979,276.17021276595744,113
60,295.09090909090907,296.45454545454544,131
60,288.4117647058824,291.61764705882354,132
60,121.43243243243244,321.5567567567568,116
60,284.01063829787233,274.47872340425533,119
60,117.3953488372093,235.93023255813952,99
60,133.9672131147541,236.04918032786884,45
60,120.0,218.0,127
61,287.02013422818794,437.61744966442956,128
61,297.69182389937106,436.8364779874214,126
61,297.0,417.5,133
61,124.0,353.0,135
61,455.5,344.0,129
61,448.76153846153846,352.9076923076923,117
61,461.325,354.7125,114
61,182.0968992248062,355.61240310077517,108
61,133.6439024390244,312.0,95
61,295.2,291.7,131
61,286.12056737588654,280.12056737588654,119
61,297.36619718309856,272.4788732394366,113
61,117.6086956521739,237.7391304347826,99
61,134.375,238.125,45
61,120.54545454545455,219.54545454545453,127
61,121.55952380952381,313.4047619047619,116
62,448.74615384615385,347.4307692307692,117
62,287.1920529801325,442.52317880794703,128
62,297.8354430379747,441.06962025316454,126
62,293.90909090909093,419.22727272727275,133
62,182.5207100591716,364.58579881656806,108
62,460.875,352.60714285714283,114
62,465.42105263157896,337.5263157894737,129
62,183.4,334.5,136
62,118.03125,239.09375,99
62,130.85714285714286,327.5,95
62,127.41329479768787,306.66473988439304,116
62,283.9016393442623,269.91803278688525,119
62,293.1417322834646,276.20866141732284,113
62,134.3095238095238,240.73809523809524,45
62,120.33333333333333,222.92857142857142,127
62,453.4935064935065,332.3831168831169,134
63,449.20652173913044,344.19565217391306,117
63,183.2680412371134,369.69072164948454,137
63,178.0,364.0,108
63,174.69230769230768,372.7692307692308,140
63,287.1986301369863,446.6917808219178,128
63,180.0,389.0,138
63,295.39285714285717,424.9166666666667,133
63,297.8811188811189,446.5174825174825,126
63,464.8205128205128,340.96153846153845,129
63,179.0,384.5,139
63,455.82608695652175,334.0,134
63,458.68,356.24,114
63,132.0,320.5,95
63,182.44444444444446,334.55555555555554,136
63,121.0,223.0,127
63,116.95454545454545,240.9090909090909,99
63,133.9777777777778,242.6,45
63,296.2857142857143,273.04761904761904,113
63,126.9375,224.1875,141
63,288.20512820512823,282.2564102564103,132
63,120.36206896551724,297.2155172413793,142
63,134.21818181818182,299.8727272727273,116
63,283.3269230769231,266.59615384615387,119
64,286.85714285714283,452.2142857142857,128
64,181.56521739130434,328.60869565217394,136
64,298.26666666666665,449.2944444444444,126
64,287.0,428.0,143
64,176.03252032520325,382.1707317073171,139
64,184.52892561983472,376.6694214876033,137
64,458.0,355.0,114
64,464.9449541284404,341.26605504587155,129
64,449.5629139072848,340.05960264900665,117
64,124.08602150537635,317.8817204301075,144
64,295.144578313253,426.7831325301205,133
64,135.84615384615384,295.3692307692308,116
64,117.66037735849056,242.43396226415095,127
64,133.62222222222223,246.77777777777777,45
64,284.27272727272725,260.8636363636364,119
64,128.4375,223.5625,141
64,125.0,257.0,99
64,288.0769230769231,277.84615384615387,132
64,120.63709677419355,289.98387096774195,142
64,296.4271844660194,268.24271844660194,113
64,133.1860465116279,313.3255813953488,95
65,126.65,315.4,144
65,286.88271604938274,456.9382716049383,128
65,297.1111111111111,446.16460905349794,126
65,175.94656488549617,385.2748091603053,139
65,185.4251968503937,381.54330708661416,137
65,450.3945578231293,335.2857142857143,117
65,464.4033613445378,333.2268907563025,129
65,180.56,324.92,136
65,127.03184713375796,285.9490445859873,142
65,287.1515151515151,272.72727272727275,132
65,296.78723404255317,262.468085106383,113
65,283.0,258.5,119
65,133.4945054945055,250.25274725274724,45
65,117.5,244.5,127
65,129.38983050847457,226.27118644067798,141
65,294.0,278.0,145
66,126.14814814814815,311.962962962963,144
66,296.5603112840467,450.7743190661479,126
66,175.86614173228347,386.54330708661416,139
66,287.1125,461.125,128
66,180.12121212121212,323.0,136
66,455.55172413793105,318.48275862068965,134
66,463.50735294117646,324.6470588235294,129
66,448.62857142857143,326.04571428571427,117
66,129.09876543209876,282.68518518518516,116
66,186.02272727272728,386.7348484848485,137
66,287.4,270.1,132
66,124.0,218.33333333333334,141
66,132.81382978723406,245.79787234042553,45
66,120.0,231.0,127
66,294.5,272.5,145
66,296.0,257.0,113
66,285.6363636363636,261.3181818181818,119
66,129.0,264.5,142
66,117.62962962962963,249.5185185185185,99
67,448.60645161290324,320.0838709677419,117
67,297.9850746268657,465.1268656716418,126
67,293.3606557377049,441.42622950819674,133
67,181.75100401606426,388.3333333333333,137
67,181.15686274509804,320.5098039215686,136
67,127.0,314.0,144
67,463.3709677419355,318.2903225806452,129
67,454.31304347826085,306.5739130434783,134
67,287.06535947712416,465.87581699346407,128
67,294.0,269.0,145
67,129.1375,280.35,142
67,295.0,264.5,113
67,287.3448275862069,267.1034482758621,132
67,118.06593406593407,250.67032967032966,99
67,120.76666666666667,231.83333333333334,127
67,133.6900826446281,252.65702479338842,45
67,294.41509433962267,136.0,146
67,140.5,285.0,116
68,287.07086614173227,469.251968503937,128
68,298.32142857142856,468.6642857142857,126
68,294.7857142857143,444.0408163265306,133
68,181.82165605095543,389.59554140127386,137
68,181.67105263157896,316.8421052631579,136
68,462.9516129032258,316.4032258064516,129
68,449.59541984732823,316.412213740458,117
68,454.0238095238095,301.9047619047619,134
68,287.0,262.5,119
68,294.56,262.08,113
68,117.6027397260274,252.7945205479452,99
68,135.71634615384616,255.96153846153845,45
68,121.05405405405405,233.83783783783784,127
68,295.0,190.0,147
68,138.29537366548044,287.06405693950177,116
69,462.98275862068965,312.9568965517241,129
69,180.7295081967213,310.5655737704918,136
69,450.7328767123288,315.93835616438355,117
69,180.3780487804878,383.1951219512195,139
69,295.1927710843373,447.0,133
69,287.35714285714283,473.35714285714283,128
69,297.94444444444446,471.77777777777777,126
69,455.875,304.0625,134
69,176.46575342465752,398.7945205479452,148
69,185.0,295.5,151
69,187.74242424242425,397.6818181818182,137
69,129.25641025641025,284.3692307692308,142
69,341.4074074074074,67.81481481481481,149
69,295.0,189.0,147
69,121.37209302325581,236.30232558139534,127
69,130.33333333333334,241.5,45
69,175.0,293.0,150
69,140.76315789473685,279.82105263157894,116
69,294.0,260.0,113
69,287.0,259.0,119
69,118.65753424657534,255.2876712328767,99
70,181.24137931034483,385.64367816091954,139
70,298.4183673469388,473.35714285714283,126
70,288.3974358974359,473.7564102564103,128
70,297.3448275862069,451.58620689655174,152
70,292.5,447.0,133
70,177.0,411.0,153
70,175.75384615384615,401.0769230769231,148
70,188.0875,402.025,137
70,456.0,301.5,134
70,462.89629629629627,309.26666666666665,129
70,341.6363636363636,64.27272727272727,149
70,127.61979913916787,307.43185078909613,144
70,179.68103448275863,301.4698275862069,136
70,185.76666666666668,287.71666666666664,151
70,294.0,256.5,113
70,287.0,252.5,119
70,125.38476953907815,258.1743486973948,99
70,294.9259259259259,186.85185185185185,147
70,450.7039106145251,312.4245810055866,117
71,451.43548387096774,312.3790322580645,117
71,185.95364238410596,396.63576158940396,137
71,287.7826086956522,477.5217391304348,128
71,463.1639344262295,304.8196721311475,129
71,295.14,456.5,133
71,298.4347826086956,464.04347826086956,152
71,298.34,476.34,126
71,175.96363636363637,402.5090909090909,148
71,126.42758620689655,317.5471264367816,144
71,294.0,250.5,113
71,125.65306122448979,296.9183673469388,142
71,181.12615384615384,295.32307692307694,136
71,181.0,274.5,151
71,287.0,250.5,119
71,131.2608695652174,255.90683229813664,99
71,120.26190476190476,252.63690476190476,45
71,294.5,184.5,147
71,456.5483870967742,298.61290322580646,134
72,295.0978260869565,461.25,152
72,176.54929577464787,406.7887323943662,153
72,185.14285714285714,397.52142857142854,137
72,117.0,335.0,154
72,451.41284403669727,309.0275229357798,117
72,127.14173228346456,320.23425196850394,144
72,458.0,296.5,134
72,464.27941176470586,297.36764705882354,129
72,294.0,246.0,113
72,184.88571428571427,281.3285714285714,151
72,287.0,247.5,119
72,131.125,259.47,99
72,120.17821782178218,257.2277227722772,45
72,285.0,182.0,155
72,294.37142857142857,180.71428571428572,147
72,343.6,1.4,156
72,178.26767676767676,294.1363636363636,136
73,127.0,356.0,154
73,450.8636363636364,304.90909090909093,117
73,178.0,389.0,139
73,125.98574821852732,323.0570071258907,144
73,176.55714285714285,410.01428571428573,153
73,293.0,464.0,152
73,297.5,468.0,126
73,186.08196721311475,402.9918032786885,137
73,457.6363636363636,292.6818181818182,134
73,120.1609756097561,258.45853658536583,45
73,456.4,282.4,157
73,176.6043165467626,288.7841726618705,136
73,185.54109589041096,282.1027397260274,151
73,131.31182795698925,260.5483870967742,99
73,464.15625,294.71875,129
73,284.56,181.08,155
73,294.83720930232556,180.1627906976744,147
73,342.9024390243902,3.975609756097561,156
74,451.48214285714283,302.82142857142856,117
74,127.02906976744185,325.50581395348837,144
74,120.16666666666667,342.125,154
74,178.02941176470588,394.38235294117646,139
74,287.5882352941176,467.05882352941177,152
74,176.43636363636364,412.56363636363636,153
74,295.1818181818182,468.4818181818182,126
74,178.33333333333334,295.1666666666667,136
74,357.5,477.0,158
74,188.0,409.53956834532374,137
74,125.0,283.14285714285717,142
74,458.0,288.5,134
74,461.0,267.5,157
74,462.753164556962,286.53164556962025,129
74,295.1587301587302,178.17460317460316,147
74,284.44,180.5,155
74,119.0,197.0,159
74,294.0,242.0,113
74,349.1304347826087,5.826086956521739,156
74,287.42105263157896,244.10526315789474,119
74,129.79787234042553,256.36170212765956,99
74,181.68361581920905,278.3672316384181,151
74,132.90625,273.1979166666667,160
74,120.76339285714286,260.50892857142856,45
75,132.0,322.0,144
75,357.5,476.5,158
75,287.39285714285717,474.35714285714283,152
75,294.8482142857143,473.07142857142856,126
75,176.1865671641791,416.3134328358209,153
75,186.97701149425288,410.8965517241379,137
75,178.58823529411765,396.55882352941177,139
75,127.0,371.5,161
75,133.5151515151515,335.3333333333333,163
75,121.37588652482269,338.26241134751774,154
75,125.29310344827586,316.01724137931035,162
75,351.6363636363636,471.6818181818182,164
75,125.57142857142857,285.42857142857144,142
75,337.5,0.5,165
75,452.2096774193548,302.0967741935484,117
75,295.37142857142857,174.4,147
75,284.125,178.34375,155
75,350.48333333333335,5.266666666666667,156
75,287.5,240.5,119
75,125.5014409221902,264.8299711815562,45
75,180.51290322580644,273.3741935483871,151
75,462.61878453038673,287.3425414364641,129
75,126.5,197.0,159
76,123.6,328.6,162
76,287.0,477.5,152
76,358.0,476.5,158
76,295.34,476.34,126
76,181.81565656565655,413.77272727272725,137
76,134.0,349.8333333333333,163
76,133.0,337.5,144
76,117.89156626506023,345.51807228915663,154
76,126.0,290.0,142
76,451.7226890756302,296.781512605042,117
76,133.8653846153846,276.75,160
76,463.86451612903227,284.21290322580643,129
76,180.73652694610777,275.1167664670659,151
76,121.80590717299577,265.29957805907173,45
76,126.5,198.0,159
76,283.6666666666667,175.18840579710144,155
76,295.72289156626505,175.0722891566265,147
76,350.93220338983053,5.52542372881356,156
76,339.0,1.5,165
77,133.80769230769232,278.11538461538464,160
77,452.0686274509804,295.1470588235294,117
77,117.95238095238095,353.3809523809524,154
77,132.0,341.0,144
77,135.00675675675674,355.5945945945946,163
77,291.3529411764706,478.2352941176471,152
77,6.0,443.0,166
77,348.0,465.0,164
77,118.80412371134021,279.36082474226805,142
77,343.5,478.0,158
77,182.1051282051282,416.8692307692308,137
77,463.3575757575758,283.74545454545455,129
77,339.5,1.5,165
77,186.45,271.15714285714284,136
77,462.39130434782606,264.4347826086956,157
77,293.0,47.5,167
77,294.9818181818182,168.0909090909091,168
77,283.4022988505747,173.55172413793105,155
77,350.7118644067797,4.932203389830509,156
77,126.0,198.0,159
77,287.0,233.0,119
77,122.25373134328358,259.2985074626866,45
77,176.36363636363637,266.54545454545456,151
77,297.0,180.0,147
78,113.44444444444444,345.44444444444446,144
78,50.4,477.4,169
78,349.855421686747,465.0120481927711,164
78,182.10379746835443,420.16708860759496,137
78,137.0,367.5,161
78,118.8688524590164,361.04918032786884,154
78,133.95049504950495,354.64356435643566,163
78,133.125,278.5,160
78,343.0,477.0,158
78,119.01086956521739,280.7826086956522,142
78,451.59541984732823,288.89312977099235,117
78,53.391304347826086,74.56521739130434,170
78,295.5483870967742,166.5,168
78,350.89285714285717,3.4285714285714284,156
78,181.05740181268882,265.10876132930514,151
78,462.5695652173913,277.7130434782609,129
78,456.0,262.0,157
78,283.625,168.83333333333334,155
79,124.0,347.0,163
79,356.0,466.5,164
79,348.20338983050846,463.8305084745763,158
79,182.06005221932114,424.97127937336813,137
79,120.92272727272727,365.74545454545455,154
79,133.6013986013986,363.006993006993,161
79,115.0,351.0,144
79,125.0,342.0,162
79,461.7,289.2,129
79,125.36225596529285,277.1106290672451,142
79,462.6753246753247,265.59090909090907,157
79,181.859477124183,265.8496732026144,151
79,283.65277777777777,167.45833333333334,155
79,295.21875,161.109375,168
79,294.0,46.5,167
79,281.0,46.0,171
79,350.85714285714283,0.9285714285714286,156
79,451.61267605633805,285.77464788732397,117
80,447.5,273.0,173
80,181.0375,278.675,136
80,452.14606741573033,286.4719101123595,117
80,462.0,284.5,129
80,124.3,365.521875,154
80,342.16326530612247,476.16326530612247,172
80,182.44498777506112,428.69437652811735,137
80,350.1978021978022,459.2087912087912,158
80,358.6753246753247,471.54545454545456,164
80,133.27350427350427,374.008547008547,161
80,178.0,270.0,151
80,293.8,41.9,167
80,463.84313725490193,266.3333333333333,157
80,126.91546391752577,282.2783505154639,142
80,281.0,45.5,171
80,289.0,115.0,174
80,296.0,153.5,168
80,350.0,0.5,156
80,295.26666666666665,163.2888888888889,147
80,209.57894736842104,177.89473684210526,175
80,180.68,258.7866666666667,176
80,283.44871794871796,163.25641025641025,155
81,181.10236220472441,275.03937007874015,136
81,358.0967741935484,467.6290322580645,164
81,350.1666666666667,458.02564102564105,158
81,177.04716981132074,438.9622641509434,177
81,184.71748878923768,428.6547085201794,137
81,126.29447852760737,374.46421267893663,161
81,453.53333333333336,288.46666666666664,117
81,341.0833333333333,477.0833333333333,172
81,126.87061994609165,281.4366576819407,142
81,461.9142857142857,283.3142857142857,129
81,459.78723404255317,255.5212765957447,173
81,442.0,3.0,178
81,293.5,41.5,167
81,288.68,116.92,174
81,293.1463414634146,151.0,168
81,305.10714285714283,267.32142857142856,179
81,295.0,159.0,147
81,463.10526315789474,243.42105263157896,157
81,179.96610169491527,253.64406779661016,176
81,283.7068965517241,156.48275862068965,155
82,446.0,267.0,185
82,358.1967213114754,467.59016393442624,164
82,349.3953488372093,456.09302325581393,158
82,176.9090909090909,441.6818181818182,177
82,185.57276995305165,431.1737089201878,137
82,125.70707070707071,381.020202020202,161
82,395.53125,326.21875,180
82,452.9074074074074,283.8888888888889,117
82,461.57894736842104,280.55263157894734,129
82,126.6148409893993,276.91519434628975,142
82,340.25,475.75,172
82,125.0,260.0,181
82,460.0,2.0,182
82,293.6551724137931,40.58620689655172,167
82,288.5,116.5,174
82,289.3333333333333,151.45833333333334,168
82,442.125,4.25,178
82,180.70495495495496,258.72972972972974,176
82,462.4,245.4,157
82,457.0111111111111,253.35555555555555,173
82,126.0,205.0,183
82,465.0,260.0,184
83,461.8333333333333,276.5,129
83,340.16279069767444,473.69767441860466,172
83,358.2352941176471,465.5882352941176,164
83,352.0,454.5,158
83,356.0740740740741,441.44444444444446,186
83,176.97169811320754,445.58490566037733,177
83,186.17874396135267,435.70531400966183,137
83,462.67857142857144,375.0,187
83,125.41552511415524,386.162100456621,161
83,127.25128205128205,276.7897435897436,142
83,180.86509635974303,255.3019271948608,176
83,460.0872727272727,248.75272727272727,157
83,288.59659090909093,149.55113636363637,168
83,289.0,118.0,174
83,289.3636363636364,99.68181818181819,188
83,281.0,38.5,171
83,293.4516129032258,38.61290322580645,167
83,459.40909090909093,4.363636363636363,182
83,442.51428571428573,7.585714285714285,178
83,450.3333333333333,271.2536231884058,185
84,124.93993993993993,391.85285285285283,161
84,185.02803738317758,431.6261682242991,137
84,177.5,429.0,189
84,177.0,435.5,190
84,177.19565217391303,450.1195652173913,177
84,341.3636363636364,469.3181818181818,172
84,352.5,449.5,186
84,347.6909090909091,454.9818181818182,158
84,358.030303030303,462.42424242424244,164
84,127.45,275.1875,142
84,188.8082191780822,451.06849315068496,191
84,461.39285714285717,273.82142857142856,129
84,458.84541062801935,249.3574879227053,173
84,449.7027027027027,3.675675675675676,193
84,181.10185185185185,251.75925925925927,176
84,459.5,228.5,157
84,293.0,161.0,147
84,288.70714285714286,150.15714285714284,155
84,284.30434782608694,137.1304347826087,168
84,282.0,36.5,171
84,293.0,35.0,167
84,460.0,12.5,192
84,457.3863636363636,3.4318181818181817,182
84,442.84615384615387,9.923076923076923,178
84,450.59504132231405,268.6115702479339,185
85,123.23841059602648,394.0827814569536,161
85,177.0,434.0,190
85,186.88571428571427,446.46285714285716,191
85,349.6753246753247,447.6623376623377,186
85,357.0,457.5,164
85,342.0,465.5,172
85,127.25396825396825,275.06349206349205,142
85,177.16037735849056,453.311320754717,177
85,460.8,272.48,129
85,458.9625850340136,244.42176870748298,173
85,180.534693877551,246.29183673469387,176
85,290.2857142857143,152.49107142857142,147
85,294.0,135.0,168
85,284.3666666666667,141.0,155
85,281.0,37.0,171
85,293.0,32.0,167
85,451.05750798722045,11.543130990415335,193
85,450.49624060150376,265.2857142857143,185
86,460.53333333333336,269.0,129
86,128.53932584269663,277.6573033707865,142
86,125.04838709677419,389.0483870967742,161
86,119.79285714285714,413.4428571428571,195
86,342.7368421052632,470.5263157894737,172
86,182.59259259259258,453.74074074074076,177
86,350.4925373134328,447.95522388059703,186
86,136.11111111111111,417.55555555555554,194
86,450.93333333333334,264.31111111111113,185
86,451.282967032967,14.728021978021978,193
86,464.0,242.0,173
86,455.0673076923077,240.83653846153845,157
86,180.4681724845996,241.33059548254622,176
86,462.6470588235294,215.5,197
86,284.327868852459,138.2295081967213,155
86,293.7142857142857,134.42857142857142,168
86,281.0,32.5,171
86,293.0,31.0,167
86,463.0,255.0,196
87,452.4920634920635,263.85714285714283,185
87,122.77777777777777,391.27777777777777,161
87,460.59574468085106,265.06382978723406,129
87,126.94660194174757,277.78155339805824,142
87,122.0,401.0,198
87,284.02222222222224,135.85555555555555,155
87,135.01960784313727,421.8921568627451,194
87,182.54823529411766,457.08941176470586,177
87,353.19,447.66,186
87,344.0,472.5,172
87,462.0,254.5,196
87,120.89772727272727,419.02272727272725,195
87,463.0,247.0,173
87,447.94690265486724,16.690265486725664,193
87,457.13483146067415,236.3876404494382,157
87,446.0,248.5,200
87,281.2352941176471,32.85294117647059,171
87,293.32,31.24,167
87,294.2,134.0,168
87,460.45054945054943,29.923076923076923,192
87,185.58823529411765,208.94117647058823,199
87,179.94260485651213,237.34878587196468,176
87,457.1666666666667,222.66666666666666,197
87,180.0,224.0,201
87,294.0,142.5,147
88,345.84375,476.25,172
88,453.0,262.5,185
88,342.96666666666664,457.9,164
88,353.2882882882883,446.85585585585585,186
88,182.6553911205074,460.20507399577167,177
88,134.2605633802817,427.8098591549296,194
88,121.17768595041322,422.72727272727275,195
88,130.58823529411765,401.94117647058823,198
88,124.69767441860465,395.8837209302326,161
88,127.32452830188679,276.05283018867925,142
88,460.6875,261.1875,129
88,457.69565217391306,216.82608695652175,197
88,463.3636363636364,234.6818181818182,196
88,456.98571428571427,232.05714285714285,173
88,451.15686274509807,227.84313725490196,157
88,179.97614314115307,232.6540755467197,176
88,294.70212765957444,133.31914893617022,168
88,283.3939393939394,131.82828282828282,155
88,293.2857142857143,28.785714285714285,167
88,281.5,30.0,171
88,460.35185185185185,33.43518518518518,192
88,447.4375,22.692708333333332,193
88,445.8139534883721,244.65116279069767,200
89,120.15577889447236,429.8391959798995,195
89,134.55944055944056,430.15384615384613,194
89,348.1290322580645,445.258064516129,186
89,357.0,436.5,203
89,357.4516129032258,450.51612903225805,202
89,342.5,458.5,164
89,346.45238095238096,475.1666666666667,172
89,127.91808873720136,276.740614334471,142
89,183.01170960187355,462.1733021077283,177
89,453.68,261.92,185
89,121.5,414.5,198
89,445.875,245.0,200
89,293.0,25.5,167
89,281.0,27.0,171
89,283.65,129.39,155
89,295.32,127.92,168
89,452.45251396648047,28.43016759776536,193
89,180.431906614786,229.14396887159532,176
89,454.224,229.768,173
89,460.5882352941176,257.1764705882353,129
89,463.0,234.5,196
89,183.0,204.0,199
90,454.0,262.0,185
90,346.48818897637796,467.23622047244095,172
90,358.93650793650795,455.92063492063494,202
90,183.69430051813472,464.6865284974093,177
90,349.0,439.95454545454544,186
90,121.22564102564102,435.4,195
90,135.2775119617225,433.4593301435407,194
90,131.0,413.0,198
90,123.66666666666667,292.0,204
90,134.46153846153845,286.0769230769231,205
90,123.52362204724409,271.51574803149606,142
90,460.55555555555554,251.61111111111111,129
90,446.8095238095238,242.45238095238096,200
90,463.5652173913044,232.6086956521739,196
90,454.1978021978022,226.69230769230768,173
90,180.44935543278083,225.13259668508286,201
90,459.0,204.5,197
90,293.0,141.5,147
90,283.06976744186045,128.27906976744185,155
90,295.3783783783784,124.78378378378379,168
90,281.5,24.5,171
90,451.9830508474576,31.06779661016949,193
91,134.0,285.5,205
91,125.0,291.2181818181818,204
91,135.0,292.0,207
91,134.4867256637168,435.37610619469024,194
91,182.87878787878788,473.6060606060606,177
91,350.3098591549296,438.2112676056338,186
91,358.5,453.0,202
91,345.54464285714283,464.875,172
91,123.81818181818181,279.45454545454544,208
91,121.38172043010752,438.7258064516129,195
91,120.36363636363636,269.6818181818182,142
91,281.0,19.5,171
91,459.6981132075472,252.9245283018868,129
91,126.15625,261.3333333333333,206
91,451.3541666666667,34.77546296296296,193
91,282.98936170212767,125.98936170212765,155
91,295.0,119.0,168
91,293.3255813953488,21.74418604651163,167
91,180.16015625,221.625,201
91,455.21153846153845,225.28846153846155,173
91,463.5,229.5,196
91,447.62,242.1,200
91,295.0,127.0,147
92,352.04424778761063,430.58849557522126,203
92,124.94252873563218,286.67816091954023,204
92,135.0,286.0,205
92,135.0,296.5,207
92,133.53191489361703,438.1489361702128,194
92,119.99428571428571,442.0857142857143,195
92,186.609756097561,474.2926829268293,177
92,344.537037037037,457.9074074074074,164
92,187.0,457.5,210
92,176.86170212765958,471.4468085106383,209
92,347.6363636363636,478.09090909090907,172
92,120.0,269.5,142
92,358.0,449.0,202
92,129.0,267.0,208
92,280.7692307692308,18.76923076923077,171
92,458.93333333333334,253.85,129
92,125.1304347826087,256.95652173913044,206
92,293.82608695652175,20.847826086956523,167
92,450.51149425287355,41.520114942528735,193
92,283.25,119.67857142857143,168
92,281.0,129.0,155
92,295.0,120.5,147
92,454.5652173913044,199.04347826086956,197
92,179.9047619047619,218.75757575757575,201
92,454.94666666666666,222.50666666666666,173
92,462.0344827586207,221.48275862068965,196
92,448.25882352941176,241.41176470588235,200
92,462.5,198.0,211
93,349.9672897196262,437.6121495327103,186
93,129.0212765957447,422.97872340425533,213
93,121.0,427.5,214
93,121.18461538461538,445.6384615384615,195
93,185.03125,477.09375,177
93,184.77272727272728,456.22727272727275,210
93,345.575,464.825,164
93,178.0,467.5,209
93,176.3421052631579,475.94736842105266,212
93,125.0,415.0,198
93,136.6595744680851,446.24468085106383,194
93,131.17777777777778,296.14814814814815,207
93,462.375,220.1875,196
93,125.42105263157895,254.10526315789474,208
93,121.0,250.0,206
93,458.6746031746032,251.53968253968253,129
93,448.97,240.26,200
93,453.28712871287127,213.6138613861386,173
93,179.98910675381265,214.30283224400873,201
93,290.0,139.0,155
93,284.0,118.5,168
93,450.9012048192771,46.73975903614458,193
93,293.14814814814815,18.685185185185187,167
93,280.5405405405405,17.594594594594593,171
93,124.36363636363636,281.5,204
94,357.0,422.0,203
94,350.83644859813086,443.1985981308411,186
94,128.42424242424244,423.54545454545456,213
94,122.0,431.5,214
94,132.14615384615385,298.03076923076924,207
94,120.28333333333333,452.0416666666667,195
94,185.0,460.5,210
94,186.0,477.5,177
94,175.5,475.5,212
94,136.20224719101122,450.03370786516854,194
94,124.5,281.0,204
94,186.0,467.0,209
94,122.82352941176471,253.0,208
94,457.0,254.0,129
94,293.4166666666667,17.666666666666668,167
94,451.3104325699746,50.76081424936387,193
94,288.6,137.4,155
94,281.0,14.0,171
94,456.7169811320755,210.0188679245283,197
94,463.38,220.82,196
94,448.95454545454544,235.56363636363636,173
94,459.6478873239437,241.1549295774648,200
94,180.2039911308204,209.93569844789357,201
95,460.9569892473118,231.70967741935485,200
95,175.42105263157896,477.10526315789474,212
95,186.4,467.43636363636364,209
95,120.0,452.2093023255814,195
95,132.03571428571428,440.63690476190476,194
95,352.17752808988763,443.23595505617976,186
95,132.4240506329114,297.2151898734177,207
95,449.9166666666667,234.67857142857142,173
95,181.47826086956522,221.32608695652175,215
95,446.0,218.5,197
95,464.0,215.0,196
95,456.56976744186045,208.15116279069767,211
95,180.93506493506493,200.71428571428572,201
95,295.0,110.5,147
95,443.09090909090907,64.67532467532467,216
95,460.4237288135593,60.779661016949156,217
95,450.81481481481484,44.135802469135804,193
95,293.0,12.5,167
95,281.0,11.5,171
96,453.4,247.6,129
96,123.0,261.5,208
96,124.99009900990099,299.8217821782178,204
96,136.6,298.44444444444446,207
96,128.0,478.0,218
96,131.97058823529412,445.28823529411767,194
96,120.22772277227723,454.76237623762376,195
96,186.26153846153846,468.6,209
96,459.9016393442623,234.31147540983608,200
96,352.42148760330576,441.97727272727275,186
96,450.984126984127,233.57142857142858,173
96,292.9148936170213,11.97872340425532,167
96,180.41176470588235,219.05882352941177,215
96,463.3636363636364,213.6818181818182,196
96,180.76880222841226,196.63788300835654,201
96,458.49056603773585,187.5,211
96,295.3536585365854,107.8170731707317,147
96,460.5888888888889,64.44444444444444,217
96,443.5978260869565,65.52173913043478,216
96,450.672268907563,44.48739495798319,193
96,282.0,10.5,171
96,446.0,220.5,197
97,123.69662921348315,300.8314606741573,204
97,353.45652173913044,422.3478260869565,203
97,131.84873949579833,451.327731092437,194
97,356.5,437.5,219
97,453.0,238.5,173
97,121.44444444444444,449.44444444444446,195
97,120.73958333333333,463.4375,218
97,185.66666666666666,470.1875,209
97,347.17857142857144,442.05357142857144,186
97,445.61538461538464,218.76923076923077,197
97,295.2298850574713,104.80459770114942,147
97,452.0,200.0,211
97,282.0,8.0,171
97,454.0,41.5,193
97,449.77777777777777,50.0,220
97,293.1904761904762,10.69047619047619,167
97,442.95714285714286,68.72857142857143,216
97,461.1219512195122,222.77235772357724,196
97,180.69267139479905,192.9692671394799,201
97,460.3863636363636,66.19318181818181,217
98,122.0,236.5,221
98,339.2413793103448,453.82758620689657,186
98,132.60526315789474,457.1666666666667,194
98,121.84810126582279,463.1455696202532,218
98,346.0,442.0,219
98,357.0,439.5,203
98,121.97826086956522,297.1014492753623,204
98,123.0,257.0,208
98,460.0,227.5,200
98,177.33333333333334,477.1666666666667,212
98,182.94117647058823,215.41176470588235,215
98,293.2307692307692,6.115384615384615,167
98,460.0740740740741,68.25925925925925,217
98,442.5,71.0,216
98,461.0,220.0,196
98,180.65408805031447,190.48218029350105,201
98,180.0,176.5,222
98,462.0,212.0,211
98,295.1694915254237,103.88135593220339,147
99,133.0,293.0,207
99,185.0,471.0,209
99,178.0,463.0,212
99,132.0,448.0,194
99,124.0,448.5,195
99,340.55882352941177,450.20588235294116,186
99,125.5,441.5,223
99,345.5,440.0,219
99,122.61363636363636,474.47727272727275,218
99,121.68888888888888,236.6,221
99,461.0,219.5,196
99,184.79245283018867,213.49056603773585,215
99,179.0,169.82608695652175,222
99,180.41239316239316,181.5940170940171,201
99,294.0,103.0,147
99,450.0,59.0,220
99,293.5652173913044,6.391304347826087,167
99,281.0,2.0,171
99,122.29245283018868,301.12264150943395,204
100,125.61111111111111,443.5,223
100,341.2,449.5,186
100,136.5,469.5,194
100,346.2962962962963,434.4259259259259,219
100,122.0,473.0,195
100,139.0,476.5,218
100,185.36363636363637,473.04545454545456,209
100,126.72222222222223,309.3333333333333,225
100,119.8125,298.75,204
100,122.16483516483517,228.7032967032967,221
100,184.69767441860466,213.32558139534885,215
100,134.0,207.0,224
100,180.6820895522388,169.1089552238806,222
100,292.1666666666667,2.880952380952381,167
100,281.0,1.5,171
100,134.0,299.0,207
101,137.63636363636363,472.3636363636364,194
101,124.0,457.0,195
101,126.17910447761194,444.1194029850746,223
101,345.94444444444446,427.97222222222223,219
101,125.0,309.5,225
101,121.0,218.0,221
101,134.0,206.0,224
101,182.2214411247803,165.9560632688928,201
101,178.4,148.6,222
101,293.2857142857143,2.7142857142857144,167
101,118.9375,297.1875,204
102,142.11111111111111,435.1111111111111,223
102,125.22727272727273,477.22727272727275,218
102,136.775,468.4,194
102,126.3859649122807,451.9824561403509,195
102,344.6820512820513,431.4871794871795,219
102,119.0,300.6666666666667,204
102,121.0,231.0,221
102,459.0,206.0,196
102,181.96840442338072,162.81358609794628,201
102,441.6363636363636,79.31818181818181,220
102,293.5,1.0,167
102,128.0,262.0,226
103,185.28571428571428,477.64285714285717,209
103,136.0,475.0,218
103,135.21153846153845,460.88461538461536,194
103,340.88034188034186,438.0683760683761,186
103,126.95,456.80625,195
103,143.21621621621622,431.7027027027027,223
103,181.44493392070484,158.97944199706313,201
103,117.90566037735849,304.6981132075472,204
103,132.0,299.125,207
103,442.0,78.5,220
103,293.0,0.5,167
103,349.9375,423.375,219
104,124.0,321.0,225
104,185.36363636363637,478.09090909090907,209
104,355.0,463.0,186
104,126.81012658227849,454.253164556962,195
104,142.07692307692307,431.0,223
104,344.5777777777778,429.68,219
104,118.07843137254902,305.921568627451,204
104,135.10169491525423,470.76271186440675,218
104,121.0,220.0,221
104,459.0,207.0,196
104,293.0,191.0,227
104,181.56292517006804,156.6904761904762,201
104,442.4516129032258,77.61290322580645,220
104,457.0,59.0,228
104,131.63636363636363,298.90909090909093,207
105,183.57894736842104,477.10526315789474,209
105,118.9245283018868,306.54716981132077,204
105,135.40625,473.46875,218
105,129.39732142857142,455.3482142857143,195
105,142.0,431.5,223
105,348.87130801687766,445.373417721519,219
105,125.67857142857143,390.10714285714283,229
105,123.0,320.0,225
105,131.09677419354838,299.0,207
105,456.4166666666667,57.083333333333336,228
105,121.0,217.5,221
105,463.60493827160496,198.7530864197531,196
105,293.25,190.0,227
105,185.0,167.0,231
105,176.5,165.0,230
105,181.60496613995485,148.2821670428894,201
105,442.625,80.625,220
105,126.0,256.0,226
106,130.46153846153845,463.0025641025641,194
106,351.4236111111111,454.28472222222223,219
106,119.25641025641026,305.9230769230769,204
106,458.77868852459017,199.91803278688525,196
106,131.0,298.0,207
106,282.0,158.0,232
106,180.6768292682927,145.53353658536585,201
106,443.0,85.0,220
106,456.0,57.0,228
106,293.0,187.0,227
107,292.6530612244898,185.40816326530611,227
107,129.40077821011673,453.9377431906615,195
107,130.5,432.5,223
107,119.5,308.0,225
107,353.16,455.184,219
107,120.75,301.25,204
107,123.5,293.5,207
107,127.42105263157895,253.10526315789474,226
107,127.04166666666667,231.91666666666666,221
107,461.2570093457944,195.71495327102804,196
107,184.54545454545453,167.54545454545453,231
107,293.5,67.5,233
107,178.57971014492753,157.5072463768116,230
107,180.1238670694864,137.50755287009062,201
107,285.0,99.0,234
107,443.95,84.95,220
107,283.42857142857144,79.57142857142857,235
107,444.0,77.0,236
107,454.3392857142857,53.30357142857143,228
107,311.0,15.0,237
107,291.3636363636364,0.9090909090909091,238
107,281.44827586206895,160.41379310344828,232
108,128.5,297.0,207
108,127.5,251.5,226
108,353.54077253218884,456.137339055794,219
108,127.0,230.0,221
108,127.28125,418.78125,223
108,129.8507462686567,447.47014925373134,195
108,134.0,320.0,225
108,457.80357142857144,195.10714285714286,196
108,133.4,314.6,204
108,184.25,166.75,231
108,281.45454545454544,159.9090909090909,232
108,179.63066954643628,142.28077753779698,201
108,443.9836065573771,87.14754098360656,220
108,284.0,76.0,235
108,293.44,65.78,233
108,453.5079365079365,54.904761904761905,228
108,292.55555555555554,181.88888888888889,227
109,176.0,164.0,244
109,184.0,164.5,231
109,286.0,179.0,239
109,292.57894736842104,179.89473684210526,227
109,461.38461538461536,205.19230769230768,196
109,118.08,317.44,225
109,127.4047619047619,249.66666666666666,226
109,130.5,303.5,204
109,282.0,160.0,232
109,129.60724233983288,443.36768802228414,195
109,354.0468085106383,455.9872340425532,219
109,125.42105263157895,222.52631578947367,221
109,175.41176470588235,154.94117647058823,230
109,121.0,305.5,207
109,179.34101382488478,134.14055299539172,201
109,453.6666666666667,57.81818181818182,228
109,295.0,53.5,246
109,186.0,152.0,243
109,293.57142857142856,60.57142857142857,233
109,293.2857142857143,67.42857142857143,235
109,446.38461538461536,61.82692307692308,241
109,444.35238095238094,83.24761904761905,236
109,459.0,81.0,240
109,458.4,85.4,220
109,454.8051948051948,106.66233766233766,242
109,178.33333333333334,113.0,245
109,283.5483870967742,72.38709677419355,234
110,355.0280701754386,459.06315789473683,219
110,129.72962962962964,446.0814814814815,195
110,121.0,307.0,207
110,131.0,304.0,204
110,127.80555555555556,247.02777777777777,226
110,120.0,233.0,248
110,125.44,222.08,221
110,134.0,195.5,247
110,184.0,159.5,231
110,179.27645788336932,132.65658747300216,201
110,462.0,116.0,250
110,454.0377358490566,106.20754716981132,242
110,443.6666666666667,92.07843137254902,236
110,459.0,86.0,220
110,451.44,72.92,240
110,445.3235294117647,73.94117647058823,249
110,447.0,61.5,241
110,454.0,61.0,228
110,185.0,152.0,243
111,134.27586206896552,196.5,247
111,125.5,221.5,221
111,128.66666666666666,245.06060606060606,226
111,131.0,304.5,204
111,351.94642857142856,462.9166666666667,219
111,131.4712643678161,452.4051724137931,195
111,117.38461538461539,449.0,251
111,184.0,158.0,231
111,117.96153846153847,320.0769230769231,225
111,462.0,116.0,250
111,175.0,156.0,230
111,454.46666666666664,106.36,242
111,463.3333333333333,103.16666666666667,220
111,443.5432098765432,94.71604938271605,236
111,458.38461538461536,87.1923076923077,240
111,285.5,83.5,234
111,451.8,74.32,249
111,283.75,68.125,235
111,446.40506329113924,70.58227848101266,241
111,454.1818181818182,62.81818181818182,228
111,178.74603174603175,130.45833333333334,201
112,463.0,115.5,250
112,349.53691275167785,464.4228187919463,219
112,126.3295711060948,458.45598194130923,195
112,127.94117647058823,243.76470588235293,226
112,125.92307692307692,221.0,221
112,134.0,191.5,247
112,443.7464788732394,96.95774647887323,236
112,179.0458221024259,125.58760107816711,201
112,457.65909090909093,104.5909090909091,242
112,451.55833333333334,71.75,249
112,175.0,152.0,230
113,127.94117647058823,242.23529411764707,226
113,123.06214689265536,445.3954802259887,251
113,126.69620253164557,222.1012658227848,248
113,347.87264150943395,469.75943396226415,219
113,129.43795620437956,471.3065693430657,195
113,134.0,201.5,221
113,143.22222222222223,445.44444444444446,252
113,453.0,195.0,253
113,461.8333333333333,186.66666666666666,254
113,134.1627906976744,187.97674418604652,247
113,175.375,150.5,230
113,179.16216216216216,124.57796257796258,201
113,459.85632183908046,100.91954022988506,220
113,444.5272727272727,98.01818181818182,236
113,447.67164179104475,77.44776119402985,241
113,454.4642857142857,70.125,249
113,284.5,60.0,235
114,127.80555555555556,241.13888888888889,226
114,120.0,312.0,225
114,121.61379310344827,435.92413793103447,251
114,129.06896551724137,477.7931034482759,195
114,144.17948717948718,441.38461538461536,252
114,345.01428571428573,472.7,219
114,124.77586206896552,215.1206896551724,248
114,137.9375,433.25,255
114,448.0733333333333,216.6,253
114,169.5483870967742,131.06451612903226,230
114,134.3661971830986,184.56338028169014,247
114,179.78364116094986,121.36675461741424,201
114,444.61176470588236,102.87058823529412,236
114,461.4403669724771,100.38532110091744,220
114,449.5882352941176,82.6470588235294,241
114,454.60377358490564,74.45283018867924,249
114,283.57142857142856,57.42857142857143,235
114,460.0,196.0,254
115,119.60714285714286,313.64285714285717,225
115,450.6607142857143,228.19642857142858,259
115,126.86666666666666,239.76666666666668,226
115,133.0,323.0,256
115,459.78125,223.6875,258
115,138.83333333333334,426.46666666666664,255
115,339.7889908256881,473.6330275229358,219
115,350.93333333333334,476.3666666666667,257
115,123.6300578034682,430.67630057803467,251
115,126.20175438596492,219.3421052631579,248
115,284.0,56.5,235
115,460.0,197.0,254
115,451.9824561403509,84.4298245614035,241
115,460.79411764705884,97.61764705882354,220
115,179.7173913043478,118.68115942028986,201
115,446.0,207.85106382978722,253
115,462.0,107.0,242
115,120.28571428571429,118.07142857142857,260
115,134.0,180.71428571428572,247
115,443.2352941176471,107.75,236
116,448.35714285714283,220.72857142857143,259
116,341.0109289617486,471.448087431694,219
116,129.78353658536585,422.3993902439024,255
116,119.40425531914893,315.74468085106383,225
116,131.1346153846154,316.2692307692308,256
116,127.50847457627118,236.0677966101695,226
116,129.0,226.0,248
116,460.1489361702128,219.38297872340425,258
116,461.2,207.1,262
116,124.68181818181819,211.2840909090909,221
116,464.4,197.4,254
116,452.2368421052632,193.05263157894737,261
116,134.45,178.9,247
116,121.19047619047619,114.11904761904762,260
116,460.92857142857144,107.0,242
116,445.64102564102564,111.88461538461539,236
116,179.10828025477707,114.6624203821656,201
116,450.390977443609,89.10526315789474,241
116,284.42105263157896,53.473684210526315,235
116,445.5483870967742,204.19354838709677,253
117,445.6938775510204,206.0612244897959,253
117,446.7142857142857,215.28571428571428,259
117,459.0,225.0,258
117,126.8108108108108,237.97297297297297,226
117,130.01333333333332,315.2133333333333,256
117,351.0,463.0,257
117,127.4,401.4,255
117,129.04892966360856,417.1467889908257,251
117,339.7417218543046,466.112582781457,219
117,119.43181818181819,317.3181818181818,225
117,124.08219178082192,206.64383561643837,221
117,292.0,47.0,264
117,120.01666666666667,183.6,263
117,133.47169811320754,171.58490566037736,247
117,459.2857142857143,106.28571428571429,242
117,445.48366013071893,112.3529411764706,236
117,178.72597137014316,115.74233128834356,201
117,449.04411764705884,92.42647058823529,241
117,453.42857142857144,83.57142857142857,249
117,284.0,51.5,235
117,292.0,34.0,265
117,452.7368421052632,193.7719298245614,261
118,130.53731343283582,317.17910447761193,256
118,119.46153846153847,317.9230769230769,225
118,127.80645161290323,397.1290322580645,255
118,123.68325791855203,415.7647058823529,251
118,347.0,458.0,268
118,140.7979797979798,413.1010101010101,266
118,343.4,449.6,267
118,339.2567567567568,461.4054054054054,219
118,126.0,238.0,226
118,351.42105263157896,462.10526315789474,257
118,457.5,235.5,258
118,176.11805555555554,118.11805555555556,201
118,451.7903225806452,194.38709677419354,261
118,118.0,170.0,263
118,133.0,170.0,247
118,445.7154471544715,114.51219512195122,236
118,459.1666666666667,106.66666666666667,242
118,449.5806451612903,94.83870967741936,241
118,182.47398843930637,100.53179190751445,269
118,453.88,86.08,249
118,292.0,30.0,265
118,123.15116279069767,201.74418604651163,221
119,128.3235294117647,311.70588235294116,256
119,131.3404255319149,324.0425531914894,271
119,119.0,321.5,225
119,341.9153846153846,455.46923076923076,268
119,123.31343283582089,413.8557213930348,251
119,133.6315789473684,410.10526315789474,255
119,142.30769230769232,413.34615384615387,266
119,125.0,212.0,248
119,118.5,330.3636363636364,270
119,444.42105263157896,206.47368421052633,253
119,126.0,219.0,226
119,450.0,191.65384615384616,261
119,123.2,199.2,221
119,292.0,29.0,265
119,454.0,87.5,249
119,178.31225296442688,108.11264822134387,269
119,285.0,46.0,235
119,445.71830985915494,116.0774647887324,236
119,459.0,107.0,242
119,133.0,162.5,263
119,133.66666666666666,168.0,247
119,449.3333333333333,97.16666666666667,241
120,128.44,220.08,226
120,141.8,413.225,266
120,125.20779220779221,412.4848484848485,251
120,118.49122807017544,329.64912280701753,270
120,131.45454545454547,325.57575757575756,271
120,127.5,310.5,256
120,124.57142857142857,204.42857142857142,248
120,445.61728395061726,117.14814814814815,236
120,121.98795180722891,187.16867469879517,221
120,118.0,171.5,247
120,183.0,130.0,201
120,453.5,88.0,249
120,178.8202846975089,104.02135231316726,269
120,340.83035714285717,450.01785714285717,267
120,462.0,197.0,261
120,352.0,460.0,257
