x,y,frame,particle
54.40533980582524,306.627427184466,0,0
957.4412955465586,388.31174089068827,0,1
632.3717791411043,430.97546012269936,0,2
519.5893351800554,507.93005540166206,0,3
524.3261299107787,798.9153993101851,0,4
395.5,555.5,0,5
1019.5,595.5,1,6
518.1095057034221,497.42509505703424,1,3
523.6359025243656,797.9686701003784,1,4
957.0322580645161,388.21863799283153,1,1
54.49585921325052,307.1656314699793,1,0
631.3364928909953,431.73104265402844,1,2
53.37892603850051,306.2674772036474,2,0
956.4857142857143,388.07142857142856,2,1
630.9930475086907,432.9003476245655,2,2
516.095783684693,487.30659945004584,2,3
525.5675830204132,801.0364422251215,2,4
591.9787234042553,545.5744680851063,3,7
113.91111111111111,618.3703703703703,3,8
523.5,555.5,3,9
523.9944061905411,800.0628237971991,3,4
860.4383561643835,564.6849315068494,3,10
630.4300411522634,430.93930041152265,3,2
956.3717472118959,387.97769516728624,3,1
54.96388028895769,307.640866873065,3,0
514.8,477.14915254237286,3,3
55.85621621621622,309.41945945945946,4,0
955.8418803418804,387.47008547008545,4,1
630.7362525458249,430.979633401222,4,2
515.105320899616,465.76467361492047,4,3
526.1263214969404,801.5006340529594,4,4
355.5,571.3809523809524,4,11
13.652173913043478,613.8260869565217,5,12
125.04054054054055,609.6216216216217,5,8
523.8511137771148,796.438025139695,5,4
510.98486328125,459.49951171875,5,3
956.0123456790124,387.5679012345679,5,1
56.76581426648721,311.29475100942125,5,0
629.9575971731449,430.03003533568904,5,2
39.58024691358025,305.559670781893,6,13
64.57403189066059,313.28018223234625,6,0
955.7029288702929,387.0836820083682,6,1
629.1111111111111,430.85406301824213,6,2
508.22715671260846,454.3057682491067,6,3
602.5208333333334,439.75,6,14
524.3488397054249,799.2671262283088,6,4
524.25792866878,799.0958003268381,7,4
426.14285714285717,561.4081632653061,7,15
507.824354657688,450.1475869809203,7,3
38.38333333333333,304.8125,7,13
955.7887931034483,387.35775862068965,7,1
627.756484149856,431.4185878962536,7,2
65.25990099009901,311.7747524752475,7,0
66.6694214876033,307.60055096418733,8,0
38.43478260869565,306.19323671497585,8,13
955.7907949790795,387.55230125523013,8,1
626.0831643002028,432.3786342123056,8,2
510.7594562647754,438.54787234042556,8,3
523.6387745909755,797.8601450489481,8,4
66.69411764705882,322.9294117647059,9,17
106.8409090909091,612.2727272727273,9,8
659.1666666666666,575.1904761904761,9,16
523.4984760670791,797.6170015261068,9,4
625.2288299935359,432.0659340659341,9,2
72.425,303.8666666666667,9,0
956.1881918819188,387.78228782287823,9,1
39.40625,302.36160714285717,9,13
511.8232445520581,431.9273607748184,9,3
623.2546998180716,431.8908429351122,10,2
525.0197977841012,796.3869368356412,10,4
183.3265306122449,614.0204081632653,10,18
514.1217600964436,426.01145268233876,10,3
69.04014598540147,312.8138686131387,10,0
40.22821576763486,302.75103734439836,10,13
955.9855072463768,387.9673913043478,10,1
39.724444444444444,304.12888888888887,11,13
68.852140077821,313.2140077821012,11,0
956.1935483870968,388.2508960573477,11,1
515.6583090379008,417.801166180758,11,3
623.8536439665472,431.2556750298686,11,2
524.1639264016288,796.9147315868702,11,4
14.513157894736842,619.25,12,19
655.5,572.0,12,16
522.7675625639797,798.1136758652234,12,4
626.0973036342322,431.7772567409144,12,2
39.21890547263681,304.9950248756219,12,13
955.9890909090909,388.16727272727275,12,1
69.0944055944056,304.75174825174827,12,0
513.7752112676056,410.0467605633803,12,3
521.1369142948279,802.1231783414518,13,4
947.5,586.5862068965517,13,20
308.0,571.5,13,21
300.5,570.45,13,22
627.1928178582983,530.5781300549984,13,23
956.092,388.34,13,1
514.1724347298118,405.8888888888889,13,3
39.670103092783506,304.340206185567,13,13
70.7433155080214,300.0534759358289,13,0
626.8627336448598,431.2517523364486,13,2
70.30952380952381,323.6904761904762,13,17
40.154205607476634,303.1261682242991,14,13
70.55555555555556,306.8333333333333,14,0
512.0778258184064,398.5386040765905,14,3
955.7020408163265,388.46938775510205,14,1
627.2966751918159,433.675831202046,14,2
522.1049568127336,799.9818088334495,14,4
49.584,583.44,14,24
161.35,604.75,15,18
145.84615384615384,609.2307692307693,15,25
1018.1578947368421,592.3684210526316,15,26
470.1860465116279,549.7441860465116,15,27
522.7178180238375,799.6285435938844,15,4
640.4597156398104,432.6129541864139,15,30
315.5,567.0,15,21
956.1176470588235,388.321568627451,15,1
526.469387755102,369.44897959183675,15,28
512.7760106030483,393.21206096752815,15,3
40.06153846153846,311.5615384615385,15,13
71.57088122605364,306.4597701149425,15,0
41.68627450980392,285.2549019607843,15,29
618.1604226705091,431.5619596541787,15,2
521.5189657259174,800.3687275127909,16,4
640.3978873239437,430.17605633802816,16,30
955.8421052631579,388.35714285714283,16,1
616.8544891640867,432.2425180598555,16,2
40.145833333333336,307.25,16,13
71.89393939393939,305.6628787878788,16,0
514.0948640483384,386.4392749244713,16,3
40.9683257918552,303.50678733031674,17,13
72.46198830409357,311.10526315789474,17,0
512.9664556962025,381.1898734177215,17,3
956.1044776119403,388.47014925373134,17,1
616.8522372528616,431.4432882414152,17,2
640.7209302325581,429.40608228980324,17,30
627.442838370565,528.7624835742445,17,23
521.6454853500757,802.127936688747,17,4
640.3212996389892,427.63537906137185,18,30
521.7619207432856,800.9406855255372,18,4
617.1384439359268,430.11670480549196,18,2
391.8135593220339,550.4406779661017,18,31
955.8792452830189,388.4339622641509,18,1
42.52272727272727,320.45454545454544,18,13
72.34782608695652,304.67632850241546,18,0
511.5495268138801,373.1627760252366,18,3
39.76271186440678,297.728813559322,18,29
590.6428571428571,538.2619047619048,19,32
1014.3387096774194,600.2903225806451,19,26
147.0952380952381,594.0714285714286,19,25
862.25,564.75,19,33
451.5,555.5,19,27
616.625386996904,429.8895768833849,19,2
519.8646419319524,797.082311752783,19,4
956.051094890511,388.3759124087591,19,1
512.0461538461539,370.7887573964497,19,3
43.25,325.95454545454544,19,13
71.58865248226951,310.29787234042556,19,0
39.30909090909091,298.3151515151515,19,29
640.5635738831616,428.0343642611684,19,30
627.3211093990755,529.1198767334361,20,23
1011.5,603.3636363636364,20,26
931.5,577.5,20,34
398.11538461538464,552.974358974359,20,31
521.6194563535125,802.891717663174,20,4
995.5,603.5,20,35
639.9072727272727,424.96363636363634,20,30
625.6829268292682,388.3658536585366,20,36
956.1455223880597,388.42910447761193,20,1
512.853074433657,368.8569579288026,20,3
71.31914893617021,310.01063829787233,20,0
39.327659574468086,301.1531914893617,20,29
615.6633416458853,429.50374064837905,20,2
288.35714285714283,570.2142857142857,21,37
742.2842105263157,500.36842105263156,21,38
520.0460967932665,797.6647624513078,21,4
615.898064516129,428.66064516129035,21,2
639.2305194805194,428.3766233766234,21,30
622.375,387.45,21,36
509.66994106090374,361.27308447937133,21,3
70.97916666666667,309.8541666666667,21,0
39.39461883408072,307.1838565022422,21,29
956.4094202898551,388.53985507246375,21,1
403.275,557.65,22,31
41.81818181818182,630.4727272727273,22,39
39.53731343283582,615.3582089552239,22,40
29.724137931034484,596.1551724137931,22,41
738.8961038961039,493.46753246753246,22,38
521.7782705148869,801.5446474432774,22,4
614.0132978723404,429.5425531914894,22,2
638.5296108291033,428.18781725888323,22,30
956.309963099631,388.45387453874537,22,1
507.3053127101547,352.29051782111634,22,3
71.56363636363636,301.6727272727273,22,0
39.79770992366412,301.6412213740458,22,29
153.90625,597.78125,23,25
266.1860465116279,574.7674418604652,23,37
440.3,553.6,23,27
475.5,547.1153846153846,23,42
520.5078760647433,797.1233085543778,23,4
638.0765472312704,426.63680781758956,23,30
956.0485074626865,388.3731343283582,23,1
508.0329301075269,347.0994623655914,23,3
70.45405405405405,298.4756756756757,23,0
40.5,304.31060606060606,23,29
615.3342898134864,428.1090387374462,23,2
520.625965035862,797.6955867613711,24,4
70.1864406779661,598.4745762711865,24,43
739.0222222222222,495.4222222222222,24,38
636.8743267504489,423.33572710951523,24,30
612.7849462365591,424.9166666666667,24,2
955.95,388.3961538461538,24,1
505.72935779816515,342.73853211009174,24,3
69.58706467661692,312.30845771144277,24,0
40.66451612903226,300.2451612903226,24,29
261.675,591.925,25,37
387.5,563.5,25,45
687.4565217391304,564.4130434782609,25,44
390.0652173913044,549.3913043478261,25,31
740.1578947368421,497.35087719298247,25,38
621.2790697674419,491.66279069767444,25,46
613.7323529411765,422.09705882352944,25,2
1020.7321428571429,618.7321428571429,25,26
635.7754442649434,418.97415185783524,25,30
956.2566037735849,388.1132075471698,25,1
508.1260613977792,338.5871979098628,25,3
69.12735849056604,310.99056603773585,25,0
40.537549407114625,305.4387351778656,25,29
521.4531312890057,801.4210598481129,25,4
520.0844823242196,797.4914357824866,26,4
140.625,601.2416666666667,26,25
636.5357142857143,425.76552795031057,26,30
738.4814814814815,496.8333333333333,26,38
615.3103953147877,421.64421669106883,26,2
508.5,334.1484049930652,26,3
956.093984962406,388.0075187969925,26,1
39.83150183150183,302.35164835164835,26,29
630.140350877193,383.17543859649123,26,36
69.7515923566879,313.2484076433121,26,0
635.3064516129032,487.19354838709677,27,49
288.2,580.66,27,47
498.0357142857143,561.0357142857143,27,48
404.7560975609756,558.0487804878048,27,31
522.3015696676687,801.1047438992339,27,4
618.9591836734694,493.7551020408163,27,46
617.0570652173913,421.88315217391306,27,2
636.8959778085991,422.7253814147018,27,30
956.1379310344828,388.06130268199234,27,1
69.73469387755102,312.2551020408163,27,0
510.2731673582296,327.0248962655602,27,3
38.18631178707224,301.20532319391634,27,29
751.4090909090909,484.34090909090907,27,38
956.2565055762082,387.92936802973975,28,1
616.7750677506775,420.5420054200542,28,2
520.266463467546,797.2046034363068,28,4
70.77777777777777,304.40277777777777,28,0
511.66759581881536,316.01811846689895,28,3
38.31404958677686,303.9793388429752,28,29
637.0571808510638,419.9601063829787,28,30
310.3628318584071,569.3097345132743,29,47
522.9191980276318,801.6568424830043,29,4
617.4741258741259,418.24475524475525,29,2
637.1085790884719,417.4906166219839,29,30
956.3724696356276,387.4574898785425,29,1
509.2646023926812,306.2463054187192,29,3
38.77619047619048,306.4,29,29
69.7875,292.9125,29,0
69.55813953488372,323.93023255813955,29,50
639.4814814814815,425.7911111111111,30,30
270.8695652173913,573.6739130434783,30,37
521.7697093721185,797.6887232728475,30,4
750.5308641975308,482.5061728395062,30,38
729.8311688311688,484.3636363636364,30,51
618.248041775457,420.2480417754569,30,2
823.1923076923077,564.1923076923077,30,52
631.7402597402597,382.53246753246754,30,36
40.56603773584906,321.20754716981133,30,29
70.42647058823529,312.1519607843137,30,50
37.828125,291.25,30,53
507.7568988173456,300.5183968462549,30,3
68.51428571428572,279.1714285714286,30,0
955.913725490196,387.52156862745096,30,1
676.8780487804878,563.0731707317074,31,44
750.4322033898305,478.58474576271186,31,38
568.3978494623656,553.0967741935484,31,54
620.0363636363636,489.25454545454545,31,46
520.9299434363762,798.0662754912018,31,4
618.5541069100391,416.1238591916558,31,2
69.03170731707317,304.0243902439024,31,50
637.9560853199498,416.17314930991216,31,30
40.55778894472362,307.9899497487437,31,29
498.45544554455444,285.96039603960395,31,55
506.9828620394173,298.71379605826905,31,3
956.041825095057,387.8250950570342,31,1
331.5,568.2,32,47
934.1860465116279,565.7441860465116,32,56
521.4613852169866,797.7942226803945,32,4
625.2777777777778,488.43055555555554,32,46
617.1956834532374,411.69928057553955,32,2
637.3578231292518,411.7142857142857,32,30
54.56597222222222,297.78472222222223,32,50
517.9756097560976,265.8353658536585,32,57
503.839863713799,292.618398637138,32,3
955.730612244898,387.7673469387755,32,1
522.3935525070011,801.8835468972078,33,4
1019.5,619.5,33,58
247.79591836734693,591.6530612244898,33,59
536.75,564.25,33,60
626.1911764705883,486.45588235294116,33,46
617.5398496240601,409.30526315789473,33,2
955.8448979591836,388.28979591836736,33,1
638.2596314907872,413.16247906197657,33,30
628.4945054945055,372.34065934065933,33,36
53.78622327790974,290.770783847981,33,50
495.1843971631206,278.09929078014187,33,55
490.58490566037733,260.5566037735849,33,61
518.1214057507988,285.073482428115,33,3
121.91666666666667,613.8125,34,62
522.3654490405701,801.0607878168195,34,4
955.8858267716536,388.26377952755905,34,1
616.6141843971632,405.3304964539007,34,2
638.1017488076311,407.2337042925278,34,30
623.0784313725491,367.3921568627451,34,36
54.59786476868327,282.2161921708185,34,50
508.68513388734993,276.89289012003695,34,3
508.3636363636364,245.7077922077922,34,57
285.225,4.7,34,63
521.3902021848941,802.3334806811467,35,4
955.7418032786885,387.7172131147541,35,1
617.4083850931677,403.7888198757764,35,2
87.42222222222222,613.1777777777778,35,64
638.2631578947369,403.29566563467495,35,30
623.2790697674419,365.2325581395349,35,36
524.825,243.775,35,65
62.35602094240838,297.9581151832461,35,0
44.55487804878049,263.7073170731707,35,50
503.8677419354839,267.53145161290325,35,3
510.63157894736844,238.75438596491227,35,57
285.55384615384617,9.076923076923077,35,63
41.91079812206573,294.63380281690144,35,53
1017.3478260869565,591.1086956521739,36,66
522.969406986298,801.7224969604089,36,4
955.564393939394,387.8333333333333,36,1
637.9376947040498,404.3551401869159,36,30
616.8411843876178,400.5450874831763,36,2
625.5744680851063,365.74468085106383,36,36
451.5,563.5,36,67
42.708196721311474,298.4655737704918,36,53
72.44186046511628,273.8953488372093,36,68
503.0180275715801,262.88123011664896,36,3
522.8629032258065,240.07258064516128,36,65
496.6209677419355,231.5,36,57
285.70666666666665,10.253333333333334,36,63
64.77272727272727,311.7994652406417,36,0
491.25,559.625,37,69
609.8937198067633,549.2801932367149,37,70
633.7603043753963,528.4051997463538,37,71
521.3575764210187,803.9787475509306,37,4
955.6937984496124,388.25581395348837,37,1
617.0044052863436,399.6079295154185,37,2
638.1092985318107,402.6476345840131,37,30
625.9791666666666,362.25,37,36
70.98666666666666,271.8666666666667,37,68
45.53243243243243,298.5027027027027,37,53
526.3137254901961,240.73529411764707,37,65
502.0494252873563,258.84022988505745,37,3
505.45569620253167,224.67088607594937,37,57
286.3222222222222,13.088888888888889,37,63
256.2368421052632,9.93421052631579,37,72
66.1454081632653,319.3545918367347,37,0
955.702380952381,388.234126984127,38,1
521.3800627246173,804.860798908825,38,4
616.7842857142857,396.45714285714286,38,2
496.04545454545456,558.8257575757576,38,69
140.8095238095238,606.5,38,62
630.3396226415094,534.6744186046511,38,71
637.3404255319149,396.27355623100306,38,30
526.4121621621622,238.32432432432432,38,65
67.13776722090262,303.396674584323,38,0
283.7142857142857,6.934065934065934,38,63
495.45,216.83333333333334,38,73
44.42134831460674,301.1938202247191,38,53
516.060606060606,218.06060606060606,38,57
501.94039735099335,251.6794701986755,38,3
230.03846153846155,605.0,39,59
522.0827321030325,802.3773734528686,39,4
955.3833333333333,387.9625,39,1
617.4959785522789,394.15683646112603,39,2
68.83673469387755,347.6938775510204,39,74
637.4372294372295,395.2640692640693,39,30
46.57765667574932,307.40054495912807,39,53
67.93513513513514,274.3081081081081,39,68
509.42561983471074,242.70971074380165,39,3
488.14285714285717,214.86813186813185,39,73
66.94904458598727,318.7452229299363,39,0
522.6756415984994,801.3032180572208,40,4
103.5,611.5,40,64
137.06521739130434,608.0,40,62
677.1666666666666,567.3809523809524,40,75
955.8359375,388.3515625,40,1
69.13966480446928,263.0782122905028,40,68
636.4605873261205,389.3833075734158,40,30
620.2888888888889,351.6222222222222,40,36
60.25205158264947,341.71277842907386,40,74
508.0362563237774,234.23777403035413,40,3
615.7680555555555,388.3222222222222,40,2
616.1202702702702,388.02027027027026,41,2
883.3513513513514,563.6486486486486,41,76
524.0895874029882,800.1345713883462,41,4
624.1555555555556,433.06666666666666,41,77
955.8069498069498,388.55212355212353,41,1
636.6002886002886,394.56854256854257,41,30
231.23076923076923,610.2692307692307,41,59
50.182539682539684,338.14285714285717,41,74
72.43342036553524,341.8668407310705,41,0
47.142857142857146,269.3285714285714,41,50
69.04040404040404,263.85858585858585,41,68
508.7586206896552,241.7179802955665,41,3
279.735632183908,3.3448275862068964,41,63
618.6875,351.0208333333333,41,36
523.9156934907992,799.8250590497116,42,4
956.0227272727273,388.405303030303,42,1
615.3112840466927,393.5940337224384,42,2
636.2871012482663,395.65603328710125,42,30
619.3653846153846,351.13461538461536,42,36
37.075949367088604,256.59493670886076,42,50
73.35403726708074,336.27950310559004,42,0
65.95370370370371,266.25925925925924,42,68
49.0855614973262,331.41711229946526,42,74
509.5105386416862,244.2400468384075,42,3
276.62831858407077,10.14749262536873,42,63
522.9222808674392,800.7315929531593,43,4
955.8266129032259,388.116935483871,43,1
615.1759493670886,397.60506329113923,43,2
636.8698372966207,400.8510638297872,43,30
49.16981132075472,327.24528301886795,43,74
803.5,568.2,43,78
66.34722222222223,263.49305555555554,43,68
276.4221635883905,9.168865435356201,43,63
72.51948051948052,333.4318181818182,43,0
38.4025974025974,259.76623376623377,43,50
514.1986417657046,239.93378607809848,43,3
969.25,572.25,44,79
387.2826086956522,561.3260869565217,44,80
390.75,547.5,44,81
525.1494589774993,799.8371347465957,44,4
956.2830882352941,388.1470588235294,44,1
615.2811059907834,398.5841013824885,44,2
636.5236938031592,402.6391251518834,44,30
621.3,351.3,44,36
50.39111111111111,325.36,44,74
63.51851851851852,262.24074074074076,44,68
511.3807692307692,246.4025641025641,44,3
256.4222222222222,18.755555555555556,44,82
280.4156479217604,15.06601466992665,44,63
72.41176470588235,330.1932773109244,44,0
614.4542294322132,396.9316338354577,45,2
955.9191176470588,388.44485294117646,45,1
693.8863636363636,558.6590909090909,45,75
219.5,617.5,45,59
635.7487864077669,398.31796116504853,45,30
394.86,556.72,45,80
619.8813559322034,352.33898305084745,45,36
524.9787927862908,799.9539395512995,45,4
71.99059561128527,322.74294670846393,45,0
272.2091503267974,16.366013071895424,45,82
288.19011406844106,15.346007604562738,45,63
255.64601769911505,36.716814159292035,45,83
48.333333333333336,325.58,45,74
515.0027422303474,254.98994515539306,45,3
61.878787878787875,259.92727272727274,45,68
36.774647887323944,259.0845070422535,45,50
991.390625,601.28125,46,84
371.5,573.0,46,85
489.5111111111111,559.1555555555556,46,86
523.7336229307855,802.225401622042,46,4
955.7851239669421,387.71487603305786,46,1
616.2281081081081,389.28216216216214,46,2
635.9587878787879,393.6569696969697,46,30
47.91463414634146,327.3536585365854,46,74
195.5,627.5,46,87
72.57352941176471,317.8125,46,0
504.7692307692308,316.34615384615387,46,88
281.3862595419847,19.029007633587785,46,63
256.7751937984496,37.348837209302324,46,83
339.5,579.5,46,89
500.00198412698415,257.67857142857144,46,90
61.87741935483871,258.9741935483871,46,68
522.1366223908918,258.38709677419354,46,3
37.134020618556704,259.1958762886598,46,50
525.1349134363932,800.6098756441237,47,4
955.7016806722689,387.52521008403363,47,1
617.759900990099,384.68811881188117,47,2
636.0733249051833,386.11504424778764,47,30
637.6904761904761,331.5952380952381,47,91
72.62283737024221,312.15916955017303,47,0
46.48993288590604,312.5771812080537,47,74
499.91709844559585,266.61312607944734,47,90
521.5808823529412,267.86176470588236,47,3
252.63636363636363,46.90909090909091,47,83
308.11494252873564,24.402298850574713,47,92
282.1046228710462,26.132603406326034,47,63
36.860759493670884,256.65822784810126,47,50
62.4792899408284,257.57988165680473,47,68
1011.2222222222222,603.3111111111111,48,84
47.109243697478995,306.6806722689076,48,74
524.0834684367993,801.7907245463961,48,4
955.7764227642276,388.1463414634146,48,1
615.9550425273391,376.65370595382745,48,2
635.6206482593037,377.35654261704684,48,30
69.25766871165644,313.52147239263803,48,0
500.6060606060606,302.8484848484849,48,88
36.214285714285715,253.26190476190476,48,50
63.198019801980195,253.21782178217822,48,68
497.9075630252101,239.69327731092437,48,93
517.4641509433962,235.1735849056604,48,94
255.85135135135135,57.32432432432432,48,83
282.45352112676056,30.57323943661972,48,63
524.3238512035011,309.0722100656455,48,95
9.720930232558139,620.9767441860465,49,96
399.0217391304348,558.8695652173913,49,80
523.71896380692,801.8796944593008,49,4
955.7254098360655,388.00409836065575,49,1
615.0968137254902,372.08210784313724,49,2
635.4078144078144,373.7008547008547,49,30
69.81318681318682,316.8095238095238,49,0
500.7652733118971,315.3151125401929,49,88
36.31147540983606,253.59016393442624,49,50
53.016293279022406,283.88594704684317,49,74
496.69516728624535,237.59479553903347,49,93
515.9570815450644,234.8755364806867,49,94
263.5593220338983,74.61016949152543,49,83
285.92783505154637,64.55670103092784,49,97
280.76679104477614,36.43283582089552,49,63
524.393351800554,312.22160664819944,49,95
618.1272727272727,320.1272727272727,50,91
525.3212651935163,800.2871717803848,50,4
638.3333333333334,467.2857142857143,50,98
955.5137254901961,388.40784313725493,50,1
491.64150943396226,357.37735849056605,50,99
615.9042424242424,368.5854545454545,50,2
635.7851941747573,369.1626213592233,50,30
68.62135922330097,318.41747572815535,50,0
279.97715289982426,67.72231985940246,50,97
524.0589970501475,326.01769911504425,50,95
69.6951219512195,281.3170731707317,50,100
48.953216374269005,293.87134502923976,50,74
36.59574468085106,249.9787234042553,50,50
67.17647058823529,249.38235294117646,50,68
494.9357798165138,235.90825688073394,50,93
515.3063829787234,229.50212765957446,50,94
499.1720430107527,323.8709677419355,50,88
48.60526315789474,321.35526315789474,51,102
524.29817080311,800.7218069699052,51,4
955.7028112449799,388.26506024096386,51,1
490.1171171171171,359.1981981981982,51,99
615.0522478736331,361.0364520048603,51,2
525.1424418604652,348.17732558139534,51,95
499.96666666666664,332.9277777777778,51,88
590.4651162790698,547.5116279069767,51,101
635.2264851485148,363.4257425742574,51,30
67.20945945945945,318.31081081081084,51,0
45.397590361445786,282.7831325301205,51,74
52.63934426229508,258.39344262295083,51,50
66.89285714285714,250.9404761904762,51,68
513.5977011494252,220.28735632183907,51,94
495.2075892857143,215.02901785714286,51,93
278.9683698296837,66.0316301703163,51,97
283.1142857142857,29.071428571428573,51,63
618.1470588235294,314.29411764705884,51,91
66.37209302325581,319.56976744186045,52,0
613.7848761408084,355.6962190352021,52,2
501.73636363636365,341.1727272727273,52,88
525.7035714285714,355.0892857142857,52,95
492.34615384615387,558.8076923076923,52,86
956.080459770115,388.1570881226054,52,1
525.688204370874,800.1309454797932,52,4
635.0067024128687,355.3592493297587,52,30
493.9189189189189,367.8783783783784,52,99
617.3870967741935,309.3709677419355,52,91
525.9537037037037,389.68518518518516,52,103
69.07801418439716,257.48936170212767,52,68
263.10869565217394,14.391304347826088,52,63
273.543287327478,66.66624843161857,52,97
264.0,126.57142857142857,52,104
495.44303797468353,206.74683544303798,52,93
287.5,97.8936170212766,52,105
494.8813559322034,229.05084745762713,52,108
507.70175438596493,229.64912280701753,52,107
36.523809523809526,237.64285714285714,52,106
520.7697368421053,216.34868421052633,52,94
44.02,280.58,52,74
451.5,555.5,53,109
614.1619812583668,349.2315930388219,53,2
815.2173913043479,555.7173913043479,53,110
523.3118360053563,796.2613643001001,53,4
956.1192307692307,388.14230769230767,53,1
496.3258706467662,378.94029850746267,53,99
518.896062992126,378.3952755905512,53,103
68.76543209876543,301.9917695473251,53,0
68.69902912621359,242.6893203883495,53,68
509.6625,208.3234375,53,94
288.30232558139534,102.72093023255815,53,105
262.3,99.53,53,83
276.3795620437956,66.32554744525548,53,97
263.82474226804123,18.072164948453608,53,63
635.1943699731903,348.3659517426274,53,30
497.6773504273504,389.0106837606838,54,99
956.0152091254753,387.95817490494295,54,1
524.1411995030797,796.6048768431253,54,4
514.7321428571429,559.6964285714286,54,86
107.29310344827586,610.3448275862069,54,111
124.97333333333333,608.5466666666666,54,112
16.94736842105263,617.2368421052631,54,96
521.7447495961228,389.79806138933765,54,103
73.9381443298969,599.8144329896908,54,113
615.1825293350718,339.6844850065189,54,2
264.1190476190476,17.571428571428573,54,63
68.487922705314,301.40579710144925,54,0
282.71724137931034,44.4,54,97
273.7296786389414,83.71455576559546,54,83
261.7857142857143,113.66428571428571,54,104
635.3467966573816,340.9275766016713,54,30
273.02,150.12,54,114
514.5336076817558,200.30178326474623,54,94
69.0,241.3644859813084,54,68
287.95652173913044,123.30434782608695,54,105
635.0847723704867,330.84301412872844,55,30
545.6818181818181,555.5,55,115
523.0695163888042,797.553460584164,55,4
955.8812260536398,387.7816091954023,55,1
512.3229604709841,407.44407064760304,55,103
64.6056338028169,313.056338028169,55,0
48.375,310.6875,55,102
135.70454545454547,611.4090909090909,55,112
614.5129958960329,326.7264021887825,55,2
70.54651162790698,282.40697674418607,55,100
69.15602836879432,242.41843971631207,55,68
513.6536796536797,192.4069264069264,55,94
286.42105263157896,124.17543859649123,55,105
263.57575757575756,115.33333333333333,55,104
276.938202247191,89.47050561797752,55,83
281.89473684210526,43.76315789473684,55,97
263.9759036144578,24.93975903614458,55,63
636.3720930232558,282.04651162790697,55,116
612.2749244712991,318.33534743202415,56,2
634.4791666666666,325.72727272727275,56,30
48.28358208955224,305.04477611940297,56,102
63.93333333333333,307.05,56,0
522.0100068781934,803.5258066245042,56,4
510.99377916018665,423.97200622083983,56,103
741.452839042703,491.09901454716095,56,117
515.1666666666666,565.3333333333334,56,86
955.7190082644628,387.8471074380165,56,1
637.3,278.3857142857143,56,116
508.0935064935065,194.01298701298703,56,93
68.95192307692308,226.46153846153845,56,68
262.9842931937173,43.424083769633505,56,63
278.672131147541,39.67213114754098,56,97
270.39772727272725,88.625,56,83
287.93023255813955,93.36175710594316,56,118
69.58730158730158,277.1111111111111,56,100
285.07216494845363,138.39175257731958,56,105
525.390243902439,179.4959349593496,56,94
273.2121212121212,172.13636363636363,56,114
259.3292181069959,135.0493827160494,56,104
683.1372549019608,565.8921568627451,57,119
636.1301169590644,313.3230994152047,57,30
523.8144032866918,802.4267030372554,57,4
741.1006140765234,485.25649504015115,57,117
523.2836624775583,442.754039497307,57,120
497.3763586956522,436.8478260869565,57,103
955.8016194331984,388.0242914979757,57,1
63.12698412698413,298.58730158730157,57,0
46.46913580246913,292.5679012345679,57,74
614.7781201848999,314.65793528505395,57,2
740.4626865671642,520.5149253731344,57,121
69.1413612565445,242.9633507853403,57,68
272.5492957746479,177.18309859154928,57,114
488.0,174.65217391304347,57,122
520.4,177.45,57,94
284.4457831325301,141.75903614457832,57,105
260.65895953757223,143.45664739884393,57,104
287.4727272727273,107.85454545454546,57,118
260.63529411764705,85.78823529411764,57,83
288.3946587537092,74.27299703264094,57,123
260.45652173913044,41.80434782608695,57,63
262.88461538461536,12.26923076923077,57,124
507.5635593220339,195.76271186440678,57,93
635.7732732732733,308.14114114114113,58,30
45.0655737704918,286.7049180327869,58,74
61.490566037735846,292.9811320754717,58,0
955.4803149606299,388.4448818897638,58,1
249.31147540983608,605.2295081967213,58,125
744.8831990794016,474.6530494821634,58,117
717.5982142857143,489.1205357142857,58,126
522.4621571991798,803.1816624012959,58,4
509.97710487444607,457.0029542097489,58,120
67.6774193548387,253.53225806451613,58,68
614.2123287671233,304.71232876712327,58,91
488.0238095238095,199.95238095238096,58,93
284.19742489270385,34.351931330472105,58,97
260.3314917127072,71.67403314917127,58,83
281.6046511627907,83.96899224806202,58,123
258.0287769784173,148.28776978417267,58,104
67.81111111111112,218.01111111111112,58,127
492.3176470588235,169.2235294117647,58,122
514.5679611650486,184.12135922330097,58,94
266.91970802919707,182.1897810218978,58,114
283.3157894736842,147.98245614035088,58,105
255.7719298245614,606.0,59,125
44.525,281.6,59,74
522.7251572088541,803.1629841463877,59,4
717.4651162790698,477.51162790697674,59,126
511.1202219482121,473.422934648582,59,120
735.901983663944,467.8891481913652,59,128
752.1104356636272,468.6737588652482,59,117
955.7570850202429,388.03643724696354,59,1
614.7684478371501,316.5419847328244,59,2
61.06976744186046,290.5348837209302,59,0
492.96,558.12,59,86
635.7286135693215,303.6519174041298,59,30
67.0,251.34615384615384,59,68
614.6515679442508,277.57491289198606,59,116
263.31666666666666,8.816666666666666,59,124
283.0692771084337,39.786144578313255,59,97
285.13978494623655,92.86021505376344,59,123
260.9852941176471,93.80882352941177,59,83
263.5208333333333,56.083333333333336,59,63
283.74285714285713,152.14285714285714,59,105
513.5422535211268,182.78169014084506,59,94
487.82894736842104,203.25,59,93
67.3375,217.9875,59,127
257.348623853211,151.3119266055046,59,104
752.718715393134,466.4075304540421,60,117
44.666666666666664,279.4583333333333,60,74
60.30952380952381,288.0238095238095,60,0
955.8093385214008,387.86770428015564,60,1
735.5128205128206,462.2478632478632,60,128
613.4674922600619,292.73219814241486,60,91
717.3118279569892,472.747311827957,60,126
523.4357684689246,802.1769192847817,60,4
532.25,563.4318181818181,60,115
131.5,635.5,60,112
513.77766548762,489.3188479029813,60,120
635.5159332321699,293.948406676783,60,30
258.632183908046,154.09195402298852,60,104
520.359375,212.34375,60,129
264.96946564885496,22.03053435114504,60,124
281.6341463414634,80.36585365853658,60,123
287.92452830188677,112.45283018867924,60,118
36.895833333333336,221.54166666666666,60,130
287.2638036809816,22.43558282208589,60,97
255.28333333333333,187.21666666666667,60,114
503.09302325581393,183.8139534883721,60,94
488.140625,205.0390625,60,93
68.13131313131314,228.0050505050505,60,127
285.4074074074074,162.8641975308642,60,105
44.28358208955224,277.8358208955224,61,74
677.5238095238095,571.5,61,119
521.3321011612536,802.752340088396,61,4
516.0975503062117,503.094050743657,61,120
716.3009708737864,465.31067961165047,61,126
734.2296395193591,457.43791722296396,61,128
752.3112745098039,457.59191176470586,61,117
955.655462184874,387.98319327731093,61,1
59.84782608695652,285.17391304347825,61,0
66.75925925925925,253.14814814814815,61,68
635.6881405563689,287.9121522693997,61,30
615.177159590044,285.6778916544656,61,91
36.90163934426229,216.4262295081967,61,130
520.2616279069767,210.38953488372093,61,129
495.6111111111111,200.9949494949495,61,93
264.0486111111111,184.14583333333334,61,114
288.29824561403507,165.140350877193,61,105
288.5111111111111,102.53333333333333,61,118
270.1162790697674,84.16279069767442,61,123
287.9142857142857,9.642857142857142,61,97
264.6484375,19.078125,61,124
59.4390243902439,280.4146341463415,62,0
955.9767441860465,388.09302325581393,62,1
743.9742673338098,440.80986418870623,62,117
716.6274509803922,450.1078431372549,62,126
523.2455013682065,802.4257289506268,62,4
340.8939393939394,569.3939393939394,62,131
559.1428571428571,556.8367346938776,62,132
500.95588235294116,559.6911764705883,62,86
411.5,560.2,62,133
44.40677966101695,273.40677966101697,62,74
513.6057401812689,515.5687311178248,62,120
616.2502994011976,278.4491017964072,62,116
491.19354838709677,235.43548387096774,62,134
263.05825242718447,14.262135922330097,62,124
285.66923076923075,18.723076923076924,62,97
284.3090909090909,109.0909090909091,62,118
269.991935483871,178.11290322580646,62,114
293.1981132075472,182.08490566037736,62,105
496.4569536423841,205.0728476821192,62,93
634.0533498759305,282.22704714640196,62,30
70.4342105263158,202.25,62,135
36.986111111111114,214.48611111111111,62,130
294.3255813953488,209.27906976744185,62,136
66.65306122448979,239.1326530612245,62,127
517.7461538461539,217.2076923076923,62,129
66.09473684210526,246.32631578947368,63,68
43.50666666666667,271.2,63,74
58.97674418604651,277.95348837209303,63,0
955.855421686747,388.00803212851406,63,1
740.8518518518518,457.2763532763533,63,128
522.3457590551216,800.4460398802578,63,4
313.7956204379562,526.3138686131387,63,137
738.0,560.625,63,138
856.5121951219512,565.2439024390244,63,139
613.798418972332,275.9815546772069,63,116
714.4871794871794,451.1965811965812,63,126
294.4230769230769,208.05769230769232,63,136
69.0,200.1851851851852,63,135
517.2595419847328,224.88931297709922,63,129
36.39080459770115,211.73563218390805,63,130
495.0888888888889,226.7111111111111,63,134
255.7155172413793,200.08620689655172,63,140
291.7887323943662,185.59154929577466,63,105
270.855421686747,171.3012048192771,63,114
266.45,135.68333333333334,63,104
287.0934579439252,108.64485981308411,63,118
285.58181818181816,7.109090909090909,63,97
264.85849056603774,13.30188679245283,63,124
633.7451253481894,276.116991643454,63,30
510.962962962963,269.85185185185185,64,141
65.61971830985915,241.14084507042253,64,127
59.023809523809526,269.5595238095238,64,0
956.1284046692607,388.15953307392994,64,1
635.0242792109257,276.0288315629742,64,30
735.2796352583587,453.49240121580544,64,117
716.5,458.2945205479452,64,126
523.2828457985934,800.1404412931201,64,4
339.5,572.5,64,131
752.0531531531532,462.22882882882885,64,128
614.76,273.89103448275864,64,116
37.13333333333333,210.75555555555556,64,130
517.5537848605578,228.37450199203187,64,129
265.29411764705884,11.2,64,124
289.40384615384613,109.17307692307692,64,118
268.8695652173913,133.7826086956522,64,104
271.65909090909093,173.9318181818182,64,114
285.03225806451616,8.048387096774194,64,97
69.69911504424779,198.42477876106196,64,135
56.895833333333336,212.25,64,142
495.76013513513516,235.47635135135135,64,134
297.38,207.26,64,136
258.3975903614458,200.1987951807229,64,140
615.5023255813953,279.12558139534883,65,116
75.5,611.5,65,143
522.1279712432131,801.2290471879572,65,4
716.8434782608696,465.69565217391306,65,126
752.143,460.423,65,128
734.9514462809917,455.7830578512397,65,117
955.9457364341085,387.9573643410853,65,1
523.5357142857143,271.0892857142857,65,141
633.7383720930233,286.9267441860465,65,30
519.4920634920635,238.4484126984127,65,129
497.92913385826773,241.248031496063,65,134
36.87234042553192,209.88297872340425,65,130
291.61654135338347,203.57142857142858,65,136
263.02843601895734,204.50236966824644,65,140
63.92330383480826,233.1976401179941,65,127
269.70212765957444,132.0531914893617,65,104
289.7317073170732,120.53658536585365,65,118
266.84057971014494,9.478260869565217,65,124
42.45631067961165,276.33009708737865,66,74
731.8139534883721,521.4651162790698,66,144
956.2593984962406,388.1503759398496,66,1
748.6922348484849,459.60227272727275,66,128
523.507809932938,800.3653919521194,66,4
714.6,456.9,66,145
713.6521739130435,472.3768115942029,66,126
634.44921875,288.7356770833333,66,30
731.2747701736466,457.48110316649644,66,117
614.378896882494,281.6642685851319,66,116
493.6393442622951,280.0655737704918,66,146
499.0,245.4757281553398,66,134
291.04545454545456,121.24242424242425,66,118
270.53846153846155,129.78021978021977,66,104
37.80904522613066,216.57286432160805,66,130
68.52688172043011,195.752688172043,66,135
61.48148148148148,256.4983164983165,66,68
287.9056603773585,205.4056603773585,66,136
57.729166666666664,209.58333333333334,66,142
521.6655405405405,248.0641891891892,66,129
265.2690909090909,205.87636363636364,66,140
795.0975609756098,566.8536585365854,67,147
287.3030303030303,261.1969696969697,67,148
785.9404761904761,554.3809523809524,67,149
522.2362589251869,801.5281892926574,67,4
730.6398046398047,446.7899877899878,67,117
749.5210772833724,447.90866510538643,67,128
955.7004219409283,387.67088607594934,67,1
632.1486486486486,372.13513513513516,67,150
521.7758620689655,285.6551724137931,67,141
491.70454545454544,279.29545454545456,67,146
398.54761904761904,557.3333333333334,67,133
264.32142857142856,253.69642857142858,67,151
617.6481900452488,290.18552036199094,67,91
498.39234449760767,251.92344497607655,67,134
521.4939759036145,252.70682730923696,67,129
61.40119760479042,259.0658682634731,67,68
54.766666666666666,208.81666666666666,67,142
287.175,211.125,67,136
263.48017621145374,217.99118942731278,67,140
40.220289855072465,244.05797101449275,67,152
67.9047619047619,193.61904761904762,67,135
270.15277777777777,121.69444444444444,67,104
291.0779220779221,118.7012987012987,67,118
634.929889298893,296.13407134071343,67,30
265.81481481481484,256.2037037037037,68,151
288.25,268.95454545454544,68,148
956.0155642023346,388.0544747081712,68,1
630.7551020408164,398.3673469387755,68,153
619.1978723404255,291.7893617021277,68,91
522.5528128740524,801.514064370262,68,4
681.2790697674419,566.1395348837209,68,154
232.75,604.25,68,155
222.22916666666666,619.3541666666666,68,156
730.1858407079646,447.25537294563844,68,117
522.6592356687898,264.9649681528662,68,129
749.4962243797195,453.4994606256742,68,128
497.3404255319149,262.3404255319149,68,134
298.5040650406504,247.08943089430895,68,157
257.6421052631579,236.92631578947368,68,158
60.30791788856305,263.77126099706743,68,68
285.3333333333333,218.10256410256412,68,136
636.0103926096998,295.84180138568126,68,30
267.9047619047619,213.0,68,140
62.63716814159292,198.38053097345133,68,135
39.60574412532637,239.34725848563968,68,152
270.1212121212121,121.21212121212122,68,104
290.82978723404256,116.25531914893617,68,118
63.4537037037037,289.94444444444446,69,0
498.5238095238095,301.9047619047619,69,146
956.12890625,387.89453125,69,1
750.758273381295,436.60719424460433,69,128
730.0271668822768,442.0970245795601,69,117
160.57142857142858,627.8214285714286,69,159
744.4568965517242,488.7198275862069,69,160
729.88,496.66,69,144
795.5,567.0,69,147
231.37209302325581,604.0930232558139,69,155
38.08196721311475,286.344262295082,69,74
522.5062038365481,801.2300091219867,69,4
286.43548387096774,275.758064516129,69,148
298.9710144927536,262.81159420289856,69,157
616.7195253505934,295.2049622437972,69,91
268.6,88.2125,69,161
269.5853658536585,124.2439024390244,69,104
61.89565217391304,195.0,69,135
40.71264367816092,196.26436781609195,69,142
262.85852090032154,239.5305466237942,69,158
290.7733333333333,118.12,69,118
42.02547770700637,248.9299363057325,69,152
61.40397350993378,255.24503311258277,69,68
634.5213764337852,305.07924921793534,69,30
522.0614886731391,270.18446601941747,69,129
496.6115384615385,271.54615384615386,69,134
287.4172185430464,231.79470198675497,69,136
248.01818181818183,608.7636363636364,70,155
293.29378531073445,279.10169491525426,70,148
529.3793103448276,285.35632183908046,70,141
37.67123287671233,289.5342465753425,70,74
749.560414269275,447.2681242807825,70,128
730.6634146341463,441.60243902439026,70,117
628.8876404494382,424.13483146067415,70,162
521.3646795634522,802.4626042237642,70,4
635.2405764966741,320.2671840354767,70,30
955.9382239382239,387.87644787644786,70,1
617.9646302250804,303.42229367631296,70,91
60.59574468085106,258.6666666666667,70,68
518.8275862068965,263.2844827586207,70,129
268.56880733944956,86.5137614678899,70,161
290.6666666666667,117.37333333333333,70,118
270.2105263157895,130.53947368421052,70,104
41.05102040816327,198.53061224489795,70,142
497.7488789237668,278.05381165919283,70,134
262.06371191135736,253.32963988919667,70,151
290.8540540540541,246.84324324324325,70,136
42.3051948051948,254.19480519480518,70,152
60.256637168141594,198.21238938053096,70,135
839.3424657534247,572.0,71,163
522.8949044585987,286.3089171974522,71,141
521.425567179341,802.4160748338115,71,4
730.9491916859123,440.5842956120092,71,117
748.9635036496351,445.0020855057351,71,128
955.6571428571428,387.3673469387755,71,1
622.5208333333334,386.0208333333333,71,153
491.5263157894737,307.05263157894734,71,146
287.52941176470586,293.2647058823529,71,148
37.589473684210525,298.86315789473684,71,74
303.15909090909093,283.4318181818182,71,157
743.5375,548.2875,71,164
620.1071811361201,308.2068595927117,71,91
635.6814621409922,329.4386422976501,71,30
497.44692737430165,279.54748603351953,71,134
289.2089552238806,117.17910447761194,71,118
269.6029411764706,128.64705882352942,71,104
39.205882352941174,194.6764705882353,71,142
266.4310344827586,78.58620689655173,71,161
291.6608187134503,249.87719298245614,71,136
41.04733727810651,260.94674556213016,71,152
264.0622568093385,262.78988326848247,71,151
61.292682926829265,269.4573170731707,71,68
59.15841584158416,197.0891089108911,71,135
68.07407407407408,614.9629629629629,72,165
522.6519961402323,801.875835986553,72,4
731.2829949238578,435.01015228426394,72,117
749.031218529708,442.24672708962737,72,128
955.9718875502008,387.82730923694777,72,1
62.775862068965516,324.1551724137931,72,166
488.968253968254,310.57142857142856,72,146
269.94594594594594,301.5405405405405,72,148
619.3563218390805,314.5005224660397,72,91
38.64423076923077,304.96153846153845,72,74
521.8476821192053,291.3046357615894,72,141
495.93037974683546,281.6898734177215,72,134
61.60683760683761,272.1794871794872,72,68
265.56583629893237,270.65480427046265,72,151
41.94814814814815,267.9185185185185,72,152
295.28727272727275,272.16727272727275,72,157
39.66326530612245,191.75510204081633,72,142
61.41549295774648,185.11267605633802,72,135
288.3829787234043,116.65957446808511,72,118
636.0568527918782,320.7705583756345,72,30
955.8611111111111,388.1190476190476,73,1
750.8472400513479,426.56867779204106,73,128
731.3676680972818,425.58226037195993,73,117
523.4379492384419,804.3704161118434,73,4
464.13953488372096,555.7209302325581,73,167
725.8823529411765,505.27941176470586,73,144
735.0,511.6058394160584,73,160
480.2111801242236,550.1055900621118,73,168
628.0608695652174,358.59227053140097,73,150
516.1208399366086,512.5079239302694,73,169
289.2435897435897,313.46153846153845,73,170
491.9559748427673,314.9937106918239,73,146
287.728813559322,113.86440677966101,73,118
67.05194805194805,318.73376623376623,73,166
272.4888888888889,143.6,73,104
61.423611111111114,183.63194444444446,73,135
295.25531914893617,278.5070921985816,73,157
266.10801393728224,273.1254355400697,73,151
40.275510204081634,189.55102040816325,73,142
62.921052631578945,272.86842105263156,73,68
521.30625,298.628125,73,141
495.4141414141414,287.020202020202,73,134
267.65263157894736,304.0,73,148
42.99285714285714,293.25,73,74
629.3634615384616,355.8317307692308,74,150
724.6896551724138,508.55172413793105,74,144
493.58378378378376,321.3891891891892,74,146
525.2777777777778,336.74074074074076,74,171
507.3673469387755,345.01020408163265,74,172
497.0925925925926,297.05555555555554,74,134
955.8730158730159,388.1984126984127,74,1
730.6321381142099,429.18459495351925,74,117
515.4923664122138,495.3272900763359,74,169
522.0771895157116,804.9734404328392,74,4
746.7927170868347,441.74416433239963,74,128
301.0725806451613,298.0967741935484,74,175
296.1639344262295,320.08196721311475,74,170
66.76868327402136,301.97153024911034,74,0
264.44444444444446,73.48611111111111,74,161
285.27777777777777,82.02777777777777,74,173
287.5974025974026,111.6103896103896,74,118
267.4035087719298,114.3859649122807,74,174
272.90410958904107,141.02739726027397,74,104
523.2040133779265,311.54515050167225,74,141
40.72641509433962,188.37735849056602,74,142
43.84488448844885,297.8151815181518,74,74
264.4424778761062,287.22713864306786,74,151
292.3805309734513,274.9911504424779,74,157
60.96590909090909,178.9318181818182,74,135
754.0060606060606,384.6121212121212,75,176
956.0574712643678,387.97701149425285,75,1
731.5605095541401,417.234076433121,75,117
746.6242707117852,447.7479579929988,75,128
503.8034420289855,481.17119565217394,75,169
726.0263157894736,505.1736842105263,75,144
522.7410578655555,804.2843801817933,75,4
741.7142857142857,549.4857142857143,75,164
547.8297872340426,562.936170212766,75,177
516.4222222222222,357.8,75,172
202.55,635.5,75,178
528.1922246220303,479.3693304535637,75,179
67.5,626.7857142857143,75,165
72.2127659574468,328.29787234042556,75,166
506.2827804107425,335.47235387045816,75,146
624.6502086230877,353.65438108484005,75,150
286.8936170212766,86.7872340425532,75,173
264.8863636363636,105.5,75,174
287.6,112.28,75,118
272.30232558139534,136.75581395348837,75,104
265.57608695652175,73.59782608695652,75,161
40.77477477477478,187.6036036036036,75,142
44.505494505494504,288.05494505494505,75,74
280.97668997668995,303.5967365967366,75,148
65.13953488372093,292.83720930232556,75,0
514.9085714285715,308.57714285714286,75,141
60.09708737864078,177.29126213592232,75,135
752.7739628040057,415.2846924177396,76,180
955.8102766798419,388.1620553359684,76,1
732.1550632911392,420.9398734177215,76,117
525.4821428571429,546.8035714285714,76,181
739.735119047619,492.51190476190476,76,160
521.7484032513155,804.8836865040709,76,4
728.0238095238095,478.8333333333333,76,182
726.2043010752689,505.7096774193548,76,144
290.3333333333333,342.9142857142857,76,183
515.6345831001679,471.8796866256296,76,179
623.28125,355.15208333333334,76,150
40.52173913043478,187.8695652173913,76,142
303.22072072072075,316.06756756756755,76,170
265.2736842105263,76.37894736842105,76,161
285.0181818181818,77.8,76,173
286.69879518072287,113.24096385542168,76,118
271.6233766233766,137.6103896103896,76,104
507.26356589147287,345.9079457364341,76,146
44.237864077669904,295.4466019417476,76,74
67.44292237442923,302.53881278538813,76,0
266.7852193995381,309.9515011547344,76,148
289.6842105263158,286.7368421052632,76,157
59.530973451327434,174.8053097345133,76,135
752.2509457755359,420.9571248423707,77,180
513.5774647887324,565.2253521126761,77,181
725.1234567901234,505.9012345679012,77,144
741.0032467532468,494.24675324675326,77,160
522.7925817680728,805.1522824809399,77,4
528.3942558746736,466.74281984334203,77,179
505.493077742279,460.9105431309904,77,169
732.0644736842105,429.86578947368423,77,117
955.7541666666667,387.475,77,1
517.6190476190476,381.8095238095238,77,172
617.5667870036101,362.60649819494586,77,150
493.9413793103448,361.45862068965516,77,146
286.8720930232558,111.16279069767442,77,118
267.9074074074074,315.75694444444446,77,148
299.7457983193277,320.65546218487395,77,170
68.79372197309416,307.78923766816143,77,0
44.48858447488585,298.648401826484,77,74
39.36065573770492,187.5737704918033,77,142
60.14754098360656,174.39344262295083,77,135
271.78,133.95,77,104
285.468085106383,77.65957446808511,77,173
264.6837606837607,81.8974358974359,77,161
518.7219730941704,347.2982062780269,77,171
504.54383886255926,456.9111374407583,78,169
526.7106598984772,456.10659898477155,78,179
525.5057471264367,383.88505747126436,78,172
522.8699253975599,805.5683374152117,78,4
955.7677165354331,387.6456692913386,78,1
737.6909090909091,525.4181818181818,78,144
69.725,612.275,78,165
741.4852941176471,556.5882352941177,78,164
572.3571428571429,564.1428571428571,78,177
395.5,579.5,78,184
371.5,587.5,78,185
528.2523364485982,556.1682242990654,78,181
731.684065934066,443.1327838827839,78,117
289.8412698412698,113.03174603174604,78,118
508.0152761457109,362.9083431257344,78,146
750.4205856255546,439.7089618456078,78,128
286.1363636363636,78.56818181818181,78,173
271.42857142857144,134.58928571428572,78,104
59.25,168.7685185185185,78,135
39.63636363636363,186.92207792207793,78,142
265.3125,74.97916666666667,78,161
70.47407407407407,314.3740740740741,78,0
270.4283154121864,327.910394265233,78,148
299.8912579957356,329.66950959488275,78,170
626.0655577299412,370.73091976516633,78,150
286.9342105263158,342.9078947368421,78,183
46.27717391304348,292.3641304347826,78,74
955.9798387096774,387.89112903225805,79,1
751.3620037807183,449.5018903591682,79,128
735.3619972260749,432.3897364771151,79,117
505.15680880330126,447.8940852819807,79,169
522.5489053927231,805.4775776963615,79,4
735.5348837209302,532.0116279069767,79,144
748.578947368421,522.3421052631579,79,186
368.775,575.775,79,185
862.3404255319149,573.1063829787234,79,187
939.5,587.5,79,188
518.0707491082045,414.50356718192626,79,189
728.159375,495.4375,79,160
514.3,353.2888888888889,79,171
484.672131147541,552.1475409836065,79,168
45.61224489795919,340.0612244897959,79,190
264.64473684210526,78.75,79,161
289.3658536585366,112.1951219512195,79,118
58.263565891472865,170.4031007751938,79,135
39.86274509803921,183.2450980392157,79,142
46.28415300546448,293.3825136612022,79,74
304.17934782608694,347.9402173913044,79,183
268.8481012658228,326.4957805907173,79,148
296.2008368200837,313.7029288702929,79,175
41.95,323.925,79,191
73.62037037037037,332.4259259259259,79,166
628.6585781183483,371.36739037888464,79,150
68.93103448275862,299.13793103448273,79,0
491.5,571.5,80,168
677.9782608695652,565.3260869565217,80,192
634.1739130434783,494.32608695652175,80,193
622.5542168674699,428.2530120481928,80,194
523.5279924683941,803.8057876804447,80,4
750.6621621621622,462.7817047817048,80,128
510.44897959183675,395.7755102040816,80,172
955.8968253968254,388.3492063492063,80,1
499.91340782122904,418.79143389199254,80,189
509.5528455284553,352.2520325203252,80,171
527.3444553483807,431.081452404318,80,195
43.717948717948715,335.1025641025641,80,190
73.07920792079207,333.44554455445547,80,166
626.6842911877395,369.4862068965517,80,150
268.25346534653465,335.6871287128713,80,148
295.81042654028437,316.6303317535545,80,175
69.85454545454546,301.0181818181818,80,0
46.82,289.28,80,74
38.69318181818182,182.8181818181818,80,142
56.851485148514854,172.6039603960396,80,135
264.61333333333334,79.16,80,161
303.6284403669725,348.7477064220183,80,183
527.768472906404,363.46305418719214,81,146
499.9082672706682,413.3295583238958,81,189
287.7692307692308,380.66153846153844,81,196
955.6867469879518,388.2168674698795,81,1
515.1395348837209,341.9767441860465,81,171
513.5733333333334,388.76,81,172
739.2917220008853,474.2474546259407,81,128
712.7421383647799,478.4339622641509,81,182
520.9155689096228,805.9432750850004,81,4
527.820979020979,430.6055944055944,81,195
523.625,509.375,81,197
301.9569230769231,354.0092307692308,81,183
625.6374159820762,381.0899925317401,81,150
263.93548387096774,87.65591397849462,81,161
287.98214285714283,109.875,81,118
56.34444444444444,173.11111111111111,81,135
37.78947368421053,183.06578947368422,81,142
45.464516129032255,314.6161290322581,81,191
72.53389830508475,333.20338983050846,81,166
277.66101694915255,309.0169491525424,81,175
295.7350427350427,321.3931623931624,81,170
267.9679012345679,341.06666666666666,81,148
623.0540540540541,312.2432432432432,81,198
69.88888888888889,304.6,81,0
44.06349206349206,351.3174603174603,82,190
492.8826530612245,361.41326530612247,82,199
955.718253968254,388.0079365079365,82,1
290.3030303030303,384.95454545454544,82,196
526.2728658536586,426.532012195122,82,195
624.6088280060883,431.26027397260276,82,194
731.1880276285495,487.33077513430544,82,160
506.8670212765957,449.8936170212766,82,169
714.0550724637682,491.4579710144927,82,182
509.1680773881499,384.0266021765417,82,172
751.0615384615385,475.5710407239819,82,128
522.1348710941633,805.08842762567,82,4
268.0146443514644,345.7845188284519,82,148
297.9059080962801,344.75492341356676,82,183
623.7651663405088,323.72994129158513,82,198
69.1418439716312,322.20212765957444,82,166
45.762645914396884,311.15175097276267,82,191
38.67213114754098,179.95081967213116,82,142
56.43877551020408,169.48979591836735,82,135
286.0,147.08695652173913,82,104
56.93877551020408,143.3877551020408,82,200
286.20454545454544,110.25,82,118
262.81632653061223,88.58163265306122,82,161
275.390243902439,69.65853658536585,82,173
491.51162790697674,336.4651162790698,82,171
296.2708333333333,385.2291666666667,83,196
526.2032,420.9056,83,195
956.1501976284585,387.699604743083,83,1
752.3929236499068,472.57169459962756,83,128
500.33649289099526,406.85781990521326,83,189
626.7177631578948,442.57236842105266,83,194
525.375,533.2638888888889,83,181
508.8,443.53333333333336,83,169
524.6938775510204,506.83673469387753,83,197
280.7956989247312,396.3225806451613,83,201
39.62068965517241,347.12068965517244,83,190
523.8039910661174,804.1305222280834,83,4
492.1768292682927,341.4664634146341,83,171
518.765243902439,348.3658536585366,83,146
262.89690721649487,89.80412371134021,83,161
286.29824561403507,150.0,83,104
58.542857142857144,164.36190476190475,83,135
286.4329896907216,116.82474226804123,83,118
67.19485294117646,325.7904411764706,83,166
621.6437177280551,321.5542168674699,83,198
268.50230414746545,351.505376344086,83,148
296.42418032786884,347.43237704918033,83,183
45.360169491525426,313.8093220338983,83,191
279.0,394.61224489795916,84,201
503.121568627451,411.0686274509804,84,189
956.0530303030303,387.9015151515151,84,1
282.60869565217394,386.32608695652175,84,196
753.726406926407,474.67186147186146,84,128
287.11494252873564,404.85057471264366,84,202
752.2290076335878,541.3129770992366,84,164
523.1475208442422,803.4106349270284,84,4
726.9615173172073,496.85596481583286,84,160
525.2745098039215,508.11764705882354,84,197
526.1728232189973,418.05672823219,84,195
837.7974683544304,570.8987341772151,84,187
629.9830508474577,418.5762711864407,84,194
506.67857142857144,368.75,84,172
626.1538461538462,361.4769230769231,84,150
297.10207336523126,358.5837320574163,84,183
273.02127659574467,70.72340425531915,84,173
285.625,112.45,84,118
286.3333333333333,128.23809523809524,84,203
286.1475409836066,152.11475409836066,84,104
59.63963963963964,163.94594594594594,84,135
44.73952095808383,330.2754491017964,84,191
262.4,93.4,84,161
616.7594936708861,320.4014466546112,84,198
67.2655737704918,334.81639344262294,84,166
522.9586206896552,329.8551724137931,84,146
636.5026041666666,329.3619791666667,84,204
269.8974739970282,357.7251114413076,84,148
495.3268765133172,326.85230024213075,84,171
526.7371512481644,405.05433186490455,85,195
504.3868852459016,399.68360655737706,85,189
62.95652173913044,372.2391304347826,85,205
299.7175,394.19,85,202
523.0,483.76,85,197
523.647775413128,801.3289969066823,85,4
435.98039215686276,575.4509803921569,85,206
948.5813953488372,575.953488372093,85,188
296.7472222222222,357.3277777777778,85,183
956.0235294117647,387.7294117647059,85,1
270.2073863636364,373.33522727272725,85,148
619.4639718804921,335.9824253075571,85,198
638.6449275362319,341.28079710144925,85,204
262.2528735632184,98.97701149425288,85,161
285.6333333333333,124.38888888888889,85,203
59.826771653543304,167.71653543307087,85,135
42.16216216216216,180.97297297297297,85,142
286.10769230769233,154.33846153846153,85,104
44.85333333333333,339.09066666666666,85,191
525.3087557603686,314.8294930875576,85,146
68.2375,334.3958333333333,85,166
494.3478260869565,322.6811594202899,85,171
490.8545454545455,291.3272727272727,85,207
267.9622641509434,415.41509433962267,86,201
528.4870689655172,370.23706896551727,86,172
955.9556451612904,387.8467741935484,86,1
525.9927884615385,417.80528846153845,86,195
629.8826979472141,454.41446725317695,86,208
526.332955350489,809.0691363590362,86,4
270.80337078651684,378.5379213483146,86,148
515.7582417582418,560.6483516483516,86,209
682.8666666666667,574.7111111111111,86,192
515.5,579.5,86,210
504.503861003861,395.84362934362935,86,189
72.8625,615.0875,86,211
522.4875,486.6875,86,197
399.3529411764706,589.0588235294117,86,212
68.71969696969697,340.9810606060606,86,166
628.8518032786885,353.55540983606556,86,150
285.6774193548387,126.66129032258064,86,203
34.54471544715447,161.630081300813,86,142
46.44897959183673,137.6530612244898,86,200
263.6081081081081,150.8783783783784,86,213
295.4041769041769,387.8722358722359,86,202
58.958333333333336,179.59027777777777,86,135
286.64516129032256,154.59677419354838,86,104
525.0330578512396,300.900826446281,86,146
45.58469945355191,339.6775956284153,86,190
493.8712121212121,313.67424242424244,86,171
37.69491525423729,319.3220338983051,86,191
490.6741573033708,285.4719101123595,86,207
505.73295454545456,393.24810606060606,87,189
284.2488789237668,393.0840807174888,87,196
83.60377358490567,354.45283018867923,87,218
956.0968992248062,388.0232558139535,87,1
526.6413043478261,393.23641304347825,87,172
607.390243902439,457.8780487804878,87,208
1011.5,603.5,87,214
523.6629652897755,804.1593237452041,87,4
522.1120689655172,479.7758620689655,87,197
747.0952380952381,401.7142857142857,87,215
629.6316744427164,416.49766718507,87,194
31.251748251748253,159.63636363636363,87,142
496.22429906542055,304.0,87,171
261.8809523809524,12.976190476190476,87,216
285.859649122807,137.35087719298247,87,203
262.6896551724138,156.7471264367816,87,213
288.1458333333333,174.77083333333334,87,104
68.37209302325581,347.82428940568474,87,166
268.02,192.04,87,217
492.22527472527474,278.032967032967,87,207
523.8867924528302,289.36603773584903,87,146
45.248618784530386,340.8121546961326,87,190
59.908256880733944,188.55045871559633,87,135
526.492795389049,381.7492795389049,88,172
675.6976744186046,566.1162790697674,88,192
489.4255319148936,554.1914893617021,88,219
522.3181818181819,474.79545454545456,88,197
524.9614225355903,803.8502090117244,88,4
200.54736842105262,412.5473684210526,88,220
956.1943319838057,387.59514170040484,88,1
507.7542372881356,396.1186440677966,88,189
501.5855855855856,360.6126126126126,88,199
286.0075634792004,402.7077255537547,88,196
630.3472993437658,414.3157496214033,88,194
508.1136363636364,310.40909090909093,88,171
68.70537634408602,349.3827956989247,88,166
46.50985915492958,335.1154929577465,88,190
521.8786407766991,286.8252427184466,88,146
494.8953488372093,278.5426356589147,88,207
526.3119266055046,261.0550458715596,88,221
47.53488372093023,229.34883720930233,88,222
35.83870967741935,198.82258064516128,88,223
63.653225806451616,195.46774193548387,88,135
288.97297297297297,181.35135135135135,88,104
263.24183006535947,170.2941176470588,88,213
266.08,11.093333333333334,88,216
630.9281451420387,418.9195512055383,89,194
526.3291338582677,368.01259842519687,89,172
467.15584415584414,557.922077922078,89,219
498.74,351.48,89,199
286.4531523642732,414.5753064798599,89,196
527.3513513513514,541.8243243243244,89,181
955.8745098039216,387.8235294117647,89,1
524.1777151075005,804.1646328740753,89,4
609.9047619047619,458.2142857142857,89,208
68.93896713615024,347.4037558685446,89,166
507.8100358422939,387.20071684587816,89,189
506.9024390243902,306.2439024390244,89,171
65.94915254237289,241.47457627118644,89,224
48.14402173913044,324.89402173913044,89,190
495.4007352941176,264.84191176470586,89,207
525.35960591133,254.35467980295567,89,221
44.01307189542484,230.22875816993465,89,222
67.89010989010988,211.82417582417582,89,135
37.25454545454546,197.27272727272728,89,223
288.72108843537416,185.4625850340136,89,104
261.9579831932773,165.52100840336135,89,213
277.09302325581393,138.53488372093022,89,203
266.64150943396226,9.584905660377359,89,216
522.6525423728814,282.8898305084746,89,146
500.0929203539823,344.9026548672566,90,199
526.6789772727273,372.27272727272725,90,172
41.30434782608695,367.0496894409938,90,225
70.192,373.192,90,205
625.1428571428571,512.4571428571429,90,226
510.1700680272109,381.93197278911566,90,189
955.9246861924686,387.6610878661088,90,1
524.1894143389925,808.727342162363,90,4
630.751362060426,420.9259534422982,90,194
437.34090909090907,545.7727272727273,90,227
286.92170257488175,416.46032580136625,90,196
500.758064516129,312.46774193548384,90,171
45.832589285714285,282.4642857142857,90,228
524.3696498054475,319.4824902723735,90,229
517.967032967033,265.9120879120879,90,146
493.9957446808511,254.58297872340427,90,207
65.21875,254.72727272727272,90,224
520.7844311377246,232.53293413173654,90,221
288.31666666666666,193.525,90,104
261.8181818181818,174.2012987012987,90,213
276.7931034482759,145.9655172413793,90,203
287.55555555555554,17.733333333333334,90,230
266.7042253521127,13.549295774647888,90,216
938.8059701492538,587.4626865671642,90,188
65.68067226890756,332.26050420168065,90,166
2.1956521739130435,614.3913043478261,90,231
