particle,speed,disp,angle,path_len,persist_P
1,5.1440887667692925,17.54712588634388,107.22463464473854,46.29679890092363,0.37901380447264166
2,5.880936118517286,7.8770488563833805,101.26637715411664,17.642808355551857,0.4464736394364689
4,1.8159284328770362,1.6480044851754305,107.39155243036295,5.447785298631109,0.3025090738413521
6,7.320331794495345,14.298841340396038,114.83512578091997,21.960995383486036,0.6511016960163977
9,5.750442697837764,13.042169374085377,68.59451055828075,28.75221348918882,0.45360575035342554
11,6.63515288437804,31.829982594379146,114.29886983058849,99.5272932656706,0.31981159689950184
13,5.759964376077338,20.888680718804824,85.81206665516412,126.71921627370143,0.16484224992117427
14,4.889406263009049,9.544448809242207,167.41629697104898,9.778812526018099,0.9760335198008624
15,5.51735859819488,8.853550856887754,80.81729037259343,44.13886878555904,0.20058400000917964
18,7.010785143977066,11.009232071969908,104.35408822001969,28.043140575908264,0.39258199495059015
19,4.003418538561837,9.73388931061886,93.58933986124245,28.023929769932856,0.34734205339974994
20,3.94739514046357,8.6291514723949,74.44292671268808,19.73697570231785,0.43720738184733743
21,5.202159528682391,3.0805186372257913,83.28117375943579,31.212957172094345,0.09869358485455842
22,3.30116032107894,12.277097343803353,92.73049472649454,122.1429318799208,0.10051418575634828
23,6.001018176023827,20.42059604429481,122.94072894531892,48.008145408190614,0.42535690288946004
24,7.53017024008318,19.58807496303958,83.53886867732263,30.12068096033272,0.6503197915357889
25,7.015859015343229,4.1062015918637,93.94080048888138,35.07929507671614,0.11705484910354394
26,6.393299690178543,27.34938960141976,65.09223501532367,31.96649845089271,0.8555641351658891
27,9.855271612163527,15.750835329859935,100.11523027242197,19.710543224327054,0.7991071149383653
29,7.317391213112496,15.154133291189824,112.95870140296333,36.58695606556248,0.41419497331328065
32,3.385144674433743,18.38472057778678,104.59602263733834,27.081157395469944,0.6788749944956977
34,7.474972904880819,3.7373763863413516,80.61167569373949,44.84983742928492,0.0833308792308133
35,6.518883470755734,30.473684586490382,90.5487620635143,169.49097023964907,0.17979532799536518
36,3.2967767741255907,13.622327006352156,112.15468918052139,23.077437418879136,0.5902876805207166
37,9.219140733331866,11.681078304090017,128.4663158035459,18.43828146666373,0.6335231580670527
38,9.339424756063684,19.03395620984811,109.85191745631757,56.03654853638211,0.33967038846959297
39,5.530544506762751,1.5774021826819125,77.78008292862123,16.59163352028825,0.09507214468985618
40,5.552420593399647,20.99224501518908,111.34400030762615,49.971785340596824,0.4200819496864181
42,6.748068693536177,25.182013134588967,90.53556208778376,40.48841216121706,0.6219560558294812
43,7.268552479230863,6.228892876433698,83.61433917610668,21.805657437692588,0.2856548991578041
47,9.50718103659242,26.180392457006434,158.89092950694996,28.521543109777262,0.9179164099305597
48,3.313676491914217,2.8441444049924196,98.67066353357708,53.01882387062747,0.05364404936504223
50,0.242498857191746,0.7336302761941706,50.424876415556746,1.697492000342222,0.4321848209277378
51,6.0790305627733945,15.434126727655737,109.80123768689414,42.55321393941376,0.362701786747071
52,6.753767463175472,22.672837589267242,105.83730450345888,47.276372242228305,0.4795807401020369
53,4.690453895380095,7.638513256286284,87.99365685560488,79.73771622146162,0.0957954857281247
54,5.815569560206649,4.921063799136492,79.04259734137986,11.631139120413298,0.42309388170757506
55,7.498245473096074,19.807025886737136,87.22075142845826,44.98947283857645,0.44025912368000686
58,7.288158289564779,13.662784550387569,62.77659105530085,21.864474868694337,0.6248850993421301
59,7.714020225799489,12.875648534086602,144.12374519965104,15.428040451598978,0.8345614969367129
60,8.700008644675952,25.916461818887928,77.21116614989675,43.50004322337976,0.5957801394771656
61,3.457317318558167,8.299685044436089,51.222001447193215,13.829269274232669,0.6001535496817929
62,5.163964015498136,10.336091343692221,72.35663961782372,25.819820077490682,0.4003161645848595
63,5.232068170729228,17.78124990830821,63.21750650813671,47.08861353656305,0.3776125176100491
64,5.824995994119314,7.7341347332552335,103.28458299443724,46.599967952954515,0.16596867064508092
65,6.429462157980847,47.04216125515118,104.05862516335209,109.3008566856744,0.43039151459200586
66,7.743773698790699,13.792416330689997,109.38697802141652,38.718868493953494,0.3562195091740318
69,5.05725477154188,9.931753742716964,114.07856130854714,10.11450954308376,0.9819313235517423
72,6.232643144780339,15.309452249868418,56.91891356056307,24.930572579121357,0.6140834592258682
73,7.6838696086616265,28.2357869802453,44.33924696820003,38.41934804330813,0.7349366508878955
74,6.4274174145034335,23.454688836400592,109.65242165764877,32.13708707251717,0.7298324450960726
75,5.954724719659698,11.94708506153061,93.04593940048098,95.27559551455516,0.12539501849353923
76,5.372221215048067,16.99467056145854,111.37338729098512,26.861106075240336,0.6326869233848734
78,6.179692555727503,29.831746998499263,110.13038090167598,117.41415855882256,0.2540728253275694
79,7.326235055154531,4.4641178183191865,83.59936293890517,21.978705165463595,0.20311104702081867
81,4.773508076329997,8.609443587133299,90.96186384858032,62.055604992289965,0.13873756590082348
82,6.839906699121125,28.68404053455478,71.48242222090883,54.719253592969,0.5242037975868965
83,5.546565518918398,11.379956836750996,54.41260663362046,16.639696556755194,0.6839041083433154
84,5.5429878988797405,14.668159778289308,93.8206579237216,121.94573377535428,0.12028432093664437
85,2.516255911776093,3.7300321703174895,94.95793353730305,5.032511823552186,0.7411869660913495
86,6.659105144586567,22.7135182300292,61.146517632296515,46.61373601210597,0.4872709242642623
89,5.367578664143599,12.601501618953272,86.6450696103319,155.65978126016435,0.08095541132678041
90,8.279411936815835,7.235957964978862,65.60825128963262,16.55882387363167,0.4369850189965138
93,3.9462978196503276,5.022276352016512,70.8865278016271,59.194467294754915,0.08484367849799915
95,3.209181561028296,5.3813152106337645,129.39960471598647,6.418363122056592,0.838424861339018
96,6.279164974707519,15.15547472550981,97.80955960056865,43.95415482295263,0.34480186882346103
97,4.614192729185989,9.061582561962094,87.62549436554858,36.91354183348791,0.24548125462567885
98,8.621713899270611,10.285467176169378,81.71203737753001,43.108569496353056,0.238594490523271
99,5.397479558684908,13.697248051537015,97.48678731095505,64.7697547042189,0.21147599082453866
101,8.276178321628267,15.421312334644977,134.10894961835976,16.552356643256534,0.9316686842249532
102,6.005378342334043,17.6484929373031,79.11763765359305,42.037648396338305,0.41982588490464595
103,6.771131240975461,27.609009605362676,135.71358427322403,33.855656204877306,0.8154917877912901
104,6.537262250158422,26.302876859067677,38.58719573237447,32.68631125079211,0.8047061859398486
105,5.89063813413896,19.203012847928537,71.93244618967925,70.68765760966753,0.2716600534985369
106,10.245638660220974,12.623199108161629,58.9865909165236,30.73691598066292,0.41068528528051035
107,4.825530268462609,6.436781174573819,80.78654930271667,14.476590805387827,0.4446337719360147
108,2.130526573329396,9.344203411564525,47.11298368088951,10.65263286664698,0.877173139123277
110,8.307535255262453,27.60005800056145,100.8876182238344,33.23014102104981,0.8305730024762171
113,3.862764196486936,22.119530382298333,85.25954730302722,50.21593455433017,0.4404882748595773
114,4.089583156051444,20.433308067450053,88.6611144678814,61.343747340771664,0.33309520453552743
115,7.820052318436341,5.965486811254609,80.1047671240274,15.640104636872682,0.3814224360871947
117,7.6306794774777424,3.6230843991959203,84.6260171528685,22.892038432433228,0.15826831716579542
118,5.8052454740845425,11.793262839081295,77.72533290175024,40.6367183185918,0.2902119887393991
120,5.84937371101452,20.73545073057254,104.19095615092492,93.58997937623232,0.2215563126391544
122,5.274455890817139,9.323434081642475,85.49040273179145,26.372279454085696,0.353531597368162
126,5.382829675577846,26.488504559239963,102.14368070056506,139.953571565024,0.18926637071875732
127,6.0390959261236725,10.258514585237947,64.40892341403261,24.15638370449469,0.42467095699134727
128,5.6921694207658655,28.72088743884524,101.06400894785584,62.613863628424525,0.45869853375102937
129,10.1526159837174,8.521056364465222,65.47800658612351,20.3052319674348,0.4196483141946447
130,5.907812950262083,21.19469225869283,94.58419324587662,70.893755403145,0.2989641631786456
131,7.184854558376958,19.089922315898725,154.64449818096247,21.554563675130872,0.8856557063098527
132,8.245100130730538,14.223593081748678,95.2067063789228,57.71570091511377,0.24644235201558481
134,6.180798708477089,15.954022053880765,97.7579782316725,49.44638966781671,0.3226529208919129
136,3.985164820430188,7.092092447302857,152.67115927197733,7.970329640860376,0.889811684945227
137,6.594186434406478,13.766049004476596,105.61386206447324,26.37674573762591,0.5219009631214512
138,6.276481888847466,9.3219528928877,82.29681547612873,18.829445666542398,0.4950731454326167
139,6.398707457663839,32.99894138346938,98.12383960479326,76.78448949196607,0.42976051025151435
141,4.420086681163269,14.113178062260921,79.29863758969417,22.100433405816347,0.6385928186614949
142,6.51857652182157,11.14257629531763,70.18126197633023,26.07430608728628,0.4273393223971817
143,7.054282252461765,5.8396362711466985,100.9658501051343,21.162846757385296,0.2759381258151772
144,5.441394875940687,27.341247750160175,83.06801924615037,70.73813338722893,0.3865135598149154
145,4.8066190551541546,8.68077704794521,124.99315465775828,9.613238110308309,0.9030023961059263
146,6.831485917493476,21.705745069834077,93.77804358379552,116.13526059738909,0.1869005585227236
147,8.370701118859483,6.113485921283399,88.41026851773906,25.112103356578448,0.2434477843004692
150,5.205428212627005,12.481146794907172,103.84486440875544,15.616284637881016,0.7992391970514663
152,7.897714213360617,3.704628244414715,76.99112562678376,15.795428426721234,0.23453800329642027
153,5.878307657382738,14.09550579848682,102.87859642601545,52.904768916444645,0.26643166745040725
154,6.6209715007589125,10.111209323405035,129.06264964611495,13.241943001517825,0.7635744484209049
156,4.487002532666183,12.078540326511702,118.25521351834276,13.461007597998549,0.8972983811633537
160,6.1733517895372465,35.54791743059199,86.3781555055063,111.12033221167044,0.31990470801398985
161,5.960445541251303,14.48766077641851,81.82112865455512,35.76267324750782,0.40510564398113347
164,4.505550501874994,15.053707442829705,99.72085223700054,36.044404014999955,0.4176433999731296
165,6.109249301687582,12.544124174889829,90.20561212181387,91.63873952531372,0.1368866948614534
166,6.5676108988139745,4.210558081443394,105.29643095872298,32.83805449406987,0.12822191041201197
167,5.591373339992186,5.977405492646033,75.71180715399967,22.365493359968745,0.26726016709941186
168,7.6567715115664345,4.53250266872626,89.40830767905592,68.91094360409791,0.0657733363044056
169,5.6721687522883695,8.250793885777256,97.67982940784663,45.377350018306956,0.18182626095284476
170,2.68200643321328,3.9748570983880485,112.37659634854855,8.04601929963984,0.49401535720476997
171,5.900107072715679,36.060644335636965,109.08281332795941,106.20192730888222,0.33954792770150627
174,2.4040667303250953,4.231062602909396,130.84445088126728,4.808133460650191,0.8799802745777445
176,8.578842022544903,28.738639549431237,109.27583661889435,51.47305213526941,0.5583239842453306
178,5.494714999174019,7.879197067750121,73.19266432212244,27.473574995870095,0.28679183793643687
181,2.1007938287336847,3.9576822188920464,48.6444661852817,4.201587657467369,0.9419492205186207
182,6.70478622782475,11.093060084142863,83.17256789746676,53.638289822598,0.20681233724698878
183,5.748768346187093,16.048845506564657,88.93532647510213,28.74384173093547,0.5583403101364888
184,5.000069289875393,12.25960980231478,113.20161068932035,25.000346449376966,0.4903775964520804
185,4.787342604911542,13.871062230868285,98.9661885639205,33.51139823438079,0.4139207243414082
186,9.811257808841791,13.884339405680725,45.11736539611839,19.622515617683582,0.7075718361599019
187,6.911388681705657,13.22594559653553,82.30020553388822,34.556943408528284,0.38272903480437764
188,5.6542498520694116,20.924067219393393,103.04466088265619,158.31899585794352,0.13216397126576107
189,5.885597104332346,9.378726321253945,120.26042152452658,11.771194208664692,0.7967523222367983
192,4.068641794762813,2.588663212301112,116.32154900093182,12.20592538428844,0.21208250343994886
194,3.950539464474825,8.3617532109608,103.20783321334613,19.752697322374125,0.4233220949267186
197,4.91324668126288,22.52677334423288,109.24537306311632,54.04571349389168,0.41680962074409256
198,9.938864103511676,10.916471634361704,117.34001128118679,29.81659231053503,0.3661206995309324
199,6.781753437132674,3.9524029347905585,104.93698594087714,33.90876718566337,0.11655991246009187
200,4.543185471676022,15.523040601438002,104.8396407516477,31.802298301732154,0.48811065332949594
202,2.7561802953508785,2.8027705881086935,100.27447214191561,8.268540886052635,0.33896797835714926
208,2.6287094270267453,5.254087041876526,9.584569109321974,5.2574188540534905,0.9993662646501152
210,1.6294828157508454,1.147588566387048,90.59549769444672,3.258965631501691,0.3521327611725238
213,5.657466069468614,4.215391586527228,86.82047793275534,39.6022624862803,0.10644320101629538
214,7.3258599337847174,1.4198776736371386,86.25142947519599,21.977579801354153,0.06460573395573121
216,7.934982967084147,20.97191733643044,111.15628954823438,63.479863736673174,0.330371177597766
220,6.446638201329437,1.4916798753177491,95.26001169125843,12.893276402658874,0.11569439983541595
222,4.06688464483417,3.9979095187672,64.59691116211206,8.13376928966834,0.49151990625618264
224,5.7234390122467165,27.725900678846173,80.54563011655107,74.40470715920732,0.37263637930218224
228,5.4666199062423235,11.456434528592165,106.25525580208814,27.33309953121162,0.41914143383226926
229,5.144414493045201,7.446894598372503,122.15375171925098,15.433243479135605,0.48252297765146085
230,6.565875908994201,16.21310017692298,59.81798145302013,19.697627726982603,0.8230991265366245
232,5.1642206785409845,7.1016757328339,51.41742369642586,20.656882714163938,0.34379222804825477
233,7.90557231801201,23.144062326788433,24.560441802333425,23.71671695403603,0.9758543887690094
234,5.996622645066496,18.279696596276285,91.1888546926793,23.986490580265983,0.762082995639022
235,4.3027087683776735,17.339472284424524,102.73100047068463,25.81625261026604,0.6716494661788885
236,6.125050845189406,9.795019959150105,142.78410444726848,12.250101690378813,0.7995868284785815
238,5.560613832808231,11.750432172903261,68.81249539403422,27.80306916404116,0.4226307571863532
239,4.106119940761389,4.157238919435275,103.66966700668324,12.318359822284167,0.3374831535538314
245,5.285784575892103,6.365252037837062,98.59229724510647,21.143138303568414,0.3010552145308898
248,7.303988621241947,7.010682452414646,97.16390196468355,36.51994310620974,0.1919686027994543
249,4.780483105531879,18.51476428412824,84.2705177008625,133.8535269548926,0.13832107905806282
252,3.9443425600725406,3.293804471875553,102.0624207626355,11.833027680217622,0.2783568635930865
253,8.071756359863294,7.745537490626134,104.59557212063058,32.287025439453174,0.23989628605308014
254,5.730833445538904,17.6704773514061,52.08171711652775,28.65416722769452,0.6166808901124657
257,3.0131147864287198,6.004672602633937,130.6101338015533,6.0262295728574395,0.9964228096585306
258,8.433391649797498,17.417169376859515,56.52453081580832,42.16695824898749,0.41305254398514113
259,6.441537379984624,7.9028547100214865,72.86795771160415,19.32461213995387,0.4089528241388213
260,2.984579759323508,5.133575380683951,97.9385570915565,5.969159518647016,0.8600164503306051
261,5.3685286111003645,7.958725457785509,79.49447722609706,26.84264305550182,0.2964955962544174
263,3.4416370386530657,6.158062048592587,145.2684947216239,6.883274077306131,0.8946414132913089
265,5.188865962986498,10.419983446821517,85.43143788142464,31.133195777918992,0.3346904545601393
266,5.12733328281926,7.525517020173928,70.25989012492677,20.50933313127704,0.3669313366750771
267,4.445414104011108,25.311062397295007,90.6953940499527,111.13535260027768,0.22774987261102878
271,3.7800682186270915,6.936487781252225,59.253917852408144,7.560136437254183,0.9175082802833033
272,5.414374609534111,9.92457334000291,79.72853870775185,48.729371485807,0.20366717315230626
273,8.591486188803168,6.760167123364044,68.77137361162978,17.182972377606337,0.39342245187882713
276,5.1318152114777575,11.038045733714156,113.42657065697719,35.9227064803443,0.3072721076780171
278,5.4016277499797765,5.051914034294684,92.97808289433848,140.4423214994742,0.03597145063081002
279,5.589118462878046,9.57169338948983,93.89413715280456,22.356473851512185,0.42813967234114625
281,6.771985425500883,4.4838269391284085,84.02201911328876,13.543970851001767,0.33105704290531357
282,5.286730900920951,9.443584469030416,68.88352596504632,31.720385405525704,0.29771342145752555
283,5.767516599069451,30.208818327046572,115.04373592443213,80.7452323869723,0.37412510230041224
284,5.548520981462985,3.4565788922633827,90.84479645093082,16.645562944388953,0.20765767452932912
285,3.0840413931553354,47.306675743997886,90.622444468222,225.13502170033948,0.21012579645189228
287,5.454476570664982,9.321644558168325,109.36472456429476,54.54476570664982,0.17089897513359156
292,4.33074747688559,5.095493029274376,124.01623070836459,8.66149495377118,0.5882925587869584
294,5.899270122379722,34.444739840859114,79.37492002144126,106.18686220283499,0.3243785448247241
295,5.71081302766441,8.521065938041406,113.01288654140565,17.13243908299323,0.4973644381143587
296,7.823586659230567,12.482009835223963,124.45248571563634,23.4707599776917,0.531811063940314
298,4.628704797249872,20.59007189778473,101.85547132170856,64.80186716149821,0.317738867716118
300,6.08355881153531,5.072738038738082,81.13894512540433,24.33423524614124,0.20846095993678218
301,6.788900319171259,10.08638911982398,66.36448386164713,33.944501595856295,0.2971435326967728
302,5.753203977028175,4.059035715356861,108.78092833236273,17.259611931084525,0.23517537541192024
303,7.164168181826525,33.25817412140429,87.37743580915883,50.14917727278567,0.6631848403114764
304,5.340505245811439,7.9473494674651075,92.27835088523163,16.021515737434317,0.4960422969779384
305,4.671037536556956,9.528109672372857,87.77365457685563,289.6043272665313,0.03290043958356969
306,5.7982426048651226,49.16851622656207,102.69563491183924,156.5525503313583,0.31407036245971237
307,6.936363842719483,13.5250758893482,96.28450104297146,48.55454689903638,0.2785542601699496
309,5.634609137820209,16.582505943727906,91.16800784568697,56.34609137820209,0.2942973600852636
311,4.961456157976515,8.602736224112283,91.3773043561679,44.65310542178863,0.192657064785343
313,6.835039770156364,21.121774444014736,94.89698339323624,68.35039770156364,0.30902196847834196
316,6.590030628591043,8.822397105086903,108.9182307313505,46.1302144001373,0.1912498612852891
317,5.0555429928610645,13.926113316312128,95.06056657513346,55.61097292147171,0.25042024234996213
321,9.220303709545306,14.936472227884975,107.71885661087951,27.660911128635917,0.5399848240147814
322,5.058945553013467,22.788713139708687,90.65559775407843,40.47156442410773,0.5630796205677218
324,5.393304870045065,19.70487657573369,112.47550637769059,26.966524350225324,0.7307162139183517
328,1.7951506337810181,2.2754722929446207,108.69764051244304,5.385451901343054,0.4225220714304682
331,6.074272270836213,13.895694292675165,100.32676585465371,30.37136135418106,0.457526224479306
333,2.628275906124201,11.314735680974687,91.95266197923786,18.397931342869406,0.6150004296738506
334,2.032289006815404,43.545787301400544,96.4850215027731,136.16336345663206,0.3198054615863675
335,4.754405575605471,56.5989152034508,90.26626417561569,104.59692266332037,0.5411145353256046
337,4.360463587528596,8.342226638626919,125.22119603813036,8.720927175057192,0.9565756565983721
339,4.376021230584527,3.672782938595688,79.87262952564761,13.128063691753582,0.2797657769517643
340,8.354423418795275,9.928341005807617,64.40196967288523,16.70884683759055,0.5941966613441831
342,5.122242490039722,18.55279798863958,77.0235279867861,56.34466739043694,0.3292733606905352
344,7.7265370241903,15.01375788876573,14.268073674931099,15.4530740483806,0.9715709535695322
345,4.3670951139970775,7.8709865956517895,99.24590071579468,65.50642670995616,0.12015594485869732
346,4.349534170440036,16.886556872567983,86.95243548290608,69.59254672704057,0.2426489281790663
347,4.753369735687023,4.991246129533318,99.9444569864617,14.260109207061069,0.35001457962620935
349,4.3861571152355205,9.672013943600676,86.60007347377453,61.40619961329728,0.15750875326122996
350,5.486921360525149,27.915810820562378,102.22978659771044,76.81689904735208,0.3634071560654159
351,2.1904115788017653,67.74220017748277,95.19294154183753,131.42469472810592,0.5154449878512498
352,6.156488723684105,23.677130994532657,137.1326983496055,30.782443618420526,0.7691764594141585
353,5.416310141758489,18.58854540447955,138.26677023151905,21.665240567033955,0.8579893376657938
354,4.670331772608047,9.009733737163229,51.37993814366084,9.340663545216094,0.9645710600268486
355,5.7388699349996175,26.30766574208676,98.91116727546606,120.51626863499197,0.21829140613177192
356,5.260581185483653,10.710180075882112,84.56734218044207,47.34523066935287,0.22621455053581435
358,4.7945422704291065,8.577207736902672,97.58595102323326,47.94542270429106,0.17889523656520023
359,7.364657470527973,7.381344695488352,77.1713149899983,22.09397241158392,0.3340886173831871
360,4.313865348272272,14.391915394882622,146.02735444864936,17.25546139308909,0.8340498736618348
361,4.437657506400248,32.95934712721694,107.03702725465418,62.12720508960347,0.5305139202653821
362,7.9277719854580155,6.028041751474947,111.5458297735818,15.855543970916031,0.3801851114368727
363,8.82464992125721,5.33821620970815,104.47798713423242,26.47394976377163,0.20164033917648552
367,6.292186510938997,16.417087323055817,103.56878746791806,18.87655953281699,0.8697076018812978
368,8.171622312293744,10.811962391821723,76.96365379427004,49.02973387376247,0.2205184800647589
372,5.119684422235488,23.899952152285316,119.16398519837665,35.837790955648416,0.6668924483058415
374,6.512580009125161,19.3847812063433,102.10296654673915,91.17612012775226,0.21260809496151115
378,6.1897860801027775,23.365272615571328,89.6549000254277,148.55486592246666,0.15728379188714064
379,5.2601792447561095,7.396214276839741,91.87719431060849,47.341613202804986,0.15623071915938674
380,5.150907551453202,12.529448966542404,103.03516872367227,30.905445308719216,0.4054123421094187
382,9.118109971996859,11.823744235972294,106.14937499378419,18.236219943993717,0.6483659591891774
384,4.867570432316711,11.934832101185656,73.6579007341604,43.8081338908504,0.27243415870947013
385,4.657540032499431,5.631241512772446,119.22160891166469,13.972620097498293,0.4030197252540118
386,7.260059149910078,14.309265130701167,87.6101769510242,29.040236599640313,0.4927392750952449
387,3.6038694153866597,4.577614107690743,90.45797287380239,7.2077388307733194,0.6350971109200984
388,5.202537662529058,18.926296993459783,87.54001136772933,62.4304519503487,0.3031580967652129
390,3.066034973054473,10.816218897120367,113.88375439520074,27.59431475749026,0.39197273033150387
391,4.044166864235939,14.100781425284909,69.57279946477097,16.176667456943758,0.8716740615961798
392,4.10769290869427,9.464884218803736,90.75456963207324,41.0769290869427,0.2304184959584133
395,3.856061191287356,4.910928503146057,120.27255988654483,7.712122382574712,0.63678041653516
396,4.604763547886007,9.907754450514005,91.32977175923814,262.4715222295024,0.03774792162728712
398,3.9304781116102974,4.522090453610203,113.70872864848494,43.23525922771327,0.10459265271876983
403,7.585641617179727,10.238700722056013,63.38630392546933,15.171283234359453,0.6748737442899834
405,5.600286024601137,15.058706426277183,72.7971547885524,67.20343229521364,0.2240764483594641
408,5.460376033333357,15.632983426708723,159.39946264536167,16.38112810000007,0.9543288674183957
409,4.84940878531715,25.099988691272994,141.73151230224056,33.94586149722005,0.7394123343527023
410,4.912339226421181,20.970659871003875,55.7688463027471,29.474035358527082,0.7114960546091932
412,4.639071423603008,8.21071571595912,149.9765792382076,9.278142847206016,0.8849525008586888
413,5.686954420383813,7.582060014279028,83.24415165886892,11.373908840767626,0.666618672650388
414,7.052445500420633,26.906313565648713,104.44868352110872,28.20978200168253,0.9537937430372175
415,4.005084029086843,22.664913266108695,94.0252304671177,256.32537786155797,0.08842243189182022
418,1.6068642821677752,2.77014576186911,73.92101097339295,3.2137285643355504,0.8619725363899384
419,6.596627238069995,8.453073017507583,92.3421734630198,32.983136190349974,0.256284695570603
423,5.851903426412599,15.427527051112088,97.02610929813189,40.96332398488819,0.3766180463480812
424,3.4142950805353682,6.637252385615323,99.30030846612158,47.800131127495156,0.13885427150632862
425,4.1847475357602715,5.999427646548276,116.5373678291061,8.369495071520543,0.7168207395166456
428,6.425148982369471,36.84105034226033,78.22439834999555,154.2035755768673,0.23891177752811463
429,3.226901494319671,13.7502243406287,99.24559293150968,25.81521195455737,0.5326403813702277
430,8.084197413194603,24.63078665593626,67.67924070215021,48.505184479167625,0.5077969895468571
433,4.9095282274170895,17.845494513037387,97.17623450933547,98.1905645483418,0.1817434760164922
434,2.9933335585473455,14.317284379564558,93.49704144048803,50.88667049530488,0.28135628132490137
435,2.477314050918684,4.034390166102627,97.5512377616352,4.954628101837368,0.8142670011108439
436,7.799382848380437,13.017105970876088,129.62635956401382,23.39814854514131,0.5563305979429354
437,3.6054637636473696,4.131009843188303,74.49266619517063,7.210927527294739,0.5728818973081675
438,5.933960118925845,2.30604330550912,95.75491099380734,35.60376071355507,0.06476965520755124
439,6.076053819344994,17.89092395573582,80.23634394631847,24.304215277379974,0.7361243204748507
440,4.188101226699788,8.13365220544476,80.44036258799439,25.12860736019873,0.3236809779728452
441,5.677712034356014,24.77699412206447,149.53273382924866,34.066272206136084,0.7273174467736916
444,5.378864244187484,17.642213063866766,122.21367906660596,48.40977819768735,0.364434908001904
445,3.27646658141226,6.317580463101681,88.43046303451224,9.829399744236781,0.6427229156903334
446,6.540040977797473,30.001669930975616,105.24889415364441,65.40040977797473,0.45873825611838065
447,4.223598647306796,13.115813852608127,115.55732856046544,21.11799323653398,0.6210729260921375
448,6.710241342144645,5.328025685693052,79.13000847584982,26.84096536857858,0.19850350434602154
450,6.910562124611929,14.347745468280056,80.03738547186917,55.284496996895435,0.25952565814401407
452,5.919819545685362,6.229791864556222,80.58589075307154,29.599097728426813,0.21047235701962508
456,3.523777931842584,5.920394921083748,49.018862921598085,7.047555863685168,0.8400635675114709
457,4.552383762462683,18.00896597985882,91.8250825139712,27.3143025747761,0.6593236613146966
458,4.731526486808759,0.3382222361360598,80.8580229544332,80.43595027574891,0.00420486405614123
459,8.14757624211005,10.837734699460128,89.38054428111934,81.4757624211005,0.13301789854320387
463,4.948005366492417,14.581645805460079,89.62055594197032,44.532048298431754,0.3274416148060629
465,2.6325031201619864,5.246605420121531,119.36894628121327,5.265006240323973,0.9965050715303028
467,6.274716947288525,3.920443437356783,89.1004944027722,25.0988677891541,0.15620001150214882
468,5.191630210879936,18.506339294591104,124.61605989963545,57.10793231967929,0.3240589974610909
469,5.478701039225986,4.270237525051784,78.17143086768561,10.957402078451972,0.3897125883013202
470,7.269596229000527,5.477832471558092,106.4402744637826,14.539192458001054,0.37676318594596975
471,10.110056382732944,1.963507020701848,105.99195331006372,30.33016914819883,0.06473775372329078
475,6.4636983330934825,7.516395220895689,102.17928798686819,25.85479333237393,0.29071573399444184
479,5.113691047330559,6.238849037975032,74.34995242275191,15.341073141991679,0.4066761810096594
481,7.176440663430679,25.364320661180646,85.64414772111806,114.82305061489086,0.220899205563271
482,5.782947430618671,4.115459395207293,91.33326412525975,104.09305375113607,0.039536349899451165
483,4.805342731959595,11.732701513998167,75.56481792080369,28.83205639175757,0.40693252519276707
484,4.023898128149386,12.160995907407777,89.9915934907901,28.167286897045706,0.4317418270299675
485,3.4433354972470154,16.796072342212305,117.86284943428059,17.216677486235078,0.975569900501473
486,4.398444759555962,9.005491299320608,105.86300225716872,13.195334278667886,0.6824754196549042
491,2.8976748991116548,7.162148529568946,105.28324924793463,17.38604939466993,0.4119480145825801
492,8.990204378685405,18.066324720681052,98.37861206791163,44.951021893427026,0.4019113239185961
496,4.567327244042895,0.6270522567657487,110.66112328054875,13.701981732128685,0.04576361792217427
497,4.59019580461729,7.598180300812751,107.22075835469981,18.36078321846916,0.41382658955254814
500,6.5013188288171415,9.559985024789384,83.21607608637463,19.503956486451425,0.490156191203067
502,4.489379369357888,12.42914295834405,86.51372428377196,58.361931801652545,0.21296661324689245
503,6.15474335954471,1.3795283322256353,83.45226195450006,67.70217695499181,0.020376425017215344
507,6.511918066478574,16.2961236268802,126.73889485181007,26.047672265914297,0.6256268683250108
508,5.1302624600094155,7.011408566504718,80.01102987178176,10.260524920018831,0.6833381938213596
509,4.745553213104448,11.298095253667624,82.16861625803656,56.94663855725338,0.19839793076300144
510,5.331736874812683,3.8829851527072456,98.4470912880298,37.32215812368878,0.1040396736930031
512,7.699037398916217,6.459557593985744,85.90077382491718,23.09711219674865,0.27966949023588533
515,8.535412311287397,5.278155496707825,115.59765120709244,25.606236933862192,0.20612773014405283
519,7.046450256893655,23.994849160187773,70.43137892615391,35.232251284468276,0.6810478548887287
520,5.839912973247911,5.9911139896839485,94.79364867939442,58.3991297324791,0.10258909708293044
521,5.081224695984681,11.204402607612506,102.43679306396375,15.243674087954044,0.7350198215315114
522,2.9531615064340686,3.168821719654628,116.12053787835508,11.812646025736274,0.26825672357833286
523,4.224811800109496,5.003024313457911,84.04265325695087,33.79849440087597,0.1480250644930576
524,8.788183953150103,9.525024833689418,113.00394430348196,26.36455185945031,0.36128149966164497
525,7.322497406417606,8.292205466676753,117.84391701394637,14.644994812835211,0.566214298649616
529,4.297403412877145,14.058077546504448,144.2571282510234,17.18961365150858,0.817823939008117
530,3.172606117522366,4.505742285726766,95.6667689124435,6.345212235044732,0.7101011154270717
531,6.750118735637467,19.481885840808573,52.98519612955977,40.5007124138248,0.48102575682492166
533,4.193701280242158,17.97958380145293,91.56174920159609,37.743311522179425,0.47636476706309755
535,4.760242565624104,7.772986582298604,91.5267677531325,104.72533644373028,0.07422259833440677
536,3.371102958438398,12.655576647554161,108.82310791796392,20.22661775063039,0.6256892182164135
537,7.137000025192326,7.24769386199505,103.64109933019498,28.548000100769304,0.25387746379473153
539,5.345788436068894,5.77257169062197,85.57568614909847,64.14946123282672,0.08998628483676205
541,4.625812310928183,2.3793176987736167,76.2956335321679,32.38068617649728,0.07347953300942046
542,5.180593568444959,5.3585188459113615,95.18369752075077,20.722374273779835,0.2585861434175298
544,3.237939273730434,2.479114494476745,72.95723046541069,9.713817821191302,0.25521525522832034
546,5.10988525810797,13.60029323396831,100.24990486283227,71.53839361351157,0.1901118063601529
547,6.509031243506892,16.127951836663556,75.74878851593381,45.56321870454825,0.35396866804437627
549,6.825095948957168,8.840547940437823,114.90584185182709,47.775671642700175,0.18504288137597755
551,6.020915746967467,16.70806797332697,98.64504117719038,102.35556769844693,0.16323555571057113
552,3.2199675613106424,4.338637268747572,79.48368286652271,9.659902683931927,0.44913881751255813
554,4.838014045579647,14.885839718409052,78.14827371470496,62.89418259253541,0.23668070884787645
555,9.120792707880332,16.196997798765302,40.92011588573037,18.241585415760664,0.8879161229468111
558,4.79826623162134,7.588354000367686,97.63265005592602,38.38612985297072,0.197684789517285
560,5.654124925275235,20.227039775176156,95.26060214201311,73.50362402857805,0.2751842516950175
561,3.9259634697414896,19.73340077795447,79.25952327120805,58.889452046122344,0.33509228040531314
563,5.195094071364726,20.393338493091168,81.8646144702646,114.29206957002397,0.17843178944796922
566,6.107318160830049,9.451666768185023,97.97073809124163,42.751227125810345,0.22108527412254642
570,3.1963610555955655,19.29633549583239,85.19847830439763,143.83624750180044,0.13415488676170345
571,6.022920206706921,7.756734684563248,110.90437668798855,24.091680826827684,0.32196735214612376
574,4.906992465869673,0.6413810089497579,86.48919012778519,9.813984931739347,0.06535377967368501
576,5.43303826981384,1.3330135272057217,78.47641863976241,21.73215307925536,0.06133830929426697
577,5.654417639875691,13.455565433842182,93.66503863446819,90.47068223801105,0.14872846209386556
583,8.379987989739178,7.63357419589646,104.77785216463086,16.759975979478355,0.4554645069446007
584,4.16478577274594,14.452290721563463,52.3644314199536,24.988714636475642,0.578352705683696
586,3.878018272605647,7.052063129984779,76.1164599756794,23.26810963563388,0.3030784726570532
587,4.359607948147878,13.350027299213815,111.86584509078453,65.39411922221817,0.20414721473422703
591,7.415279150343564,10.552343242328337,81.15724370623138,22.24583745103069,0.47435135968951475
592,8.214098686243101,7.22542387447729,63.994378477434665,16.428197372486203,0.4398184238143112
593,3.3774890688475288,4.73179359725901,100.11032293983308,16.887445344237644,0.28019593850964547
599,4.723656534409968,51.02420327767848,82.08581739266184,170.05163523875885,0.30005123564991654
600,6.1700280659160365,4.510591807643569,89.40689449475937,92.55042098874054,0.048736588763786566
602,4.707691420173988,9.204289385231373,77.76015865100253,28.246148521043928,0.3258599797552576
603,6.89395507652662,33.69359665874071,95.56927079542866,75.83350584179281,0.4443101539975452
604,4.08773231715797,2.938324573584565,95.42539456269807,32.70185853726376,0.08985191377536983
605,6.050595026998962,15.279018740818326,108.92552583461976,18.151785080996884,0.8417364282708449
606,9.120471022087191,10.228273094389632,82.76105573909447,45.60235511043596,0.22429265044797925
608,7.432685326299482,20.786932549377006,118.15423880841725,22.298055978898446,0.9322307096658347
611,5.5999587821797405,11.32623016142113,77.9082676108036,22.399835128718962,0.5056389967308154
613,9.15649670940167,19.61602301794033,141.5469348738801,27.46949012820501,0.7141021885149251
614,5.416914405970785,43.4611995403641,87.29949089865185,81.25371608956178,0.5348826076146359
615,6.936461078380058,5.093257670236246,103.34172698382413,13.872922156760117,0.36713661423915367
616,5.023353178219398,20.62998261679962,94.67507960199183,125.58382945548493,0.16427260345737607
617,4.8837579727783895,13.845100415272912,66.63741521160982,19.535031891113558,0.708731907500546
618,7.00912400928155,13.598360907053243,91.56367895499423,56.0729920742524,0.24251177624062153
620,7.887006683781959,9.003376573005,62.08628843798466,15.774013367563917,0.5707727236695913
621,7.810473444739962,39.22533867372622,42.06056013645179,46.86284066843977,0.8370243483797792
622,4.6594168895167,13.680172893456309,73.49532512042883,27.956501337100196,0.4893378011969538
623,5.396406395634104,16.51926775384116,66.83037051586533,53.964063956341036,0.30611608064221907
625,7.604187689832541,14.573917947265983,21.393268322128517,15.208375379665082,0.9582823663566705
629,7.496287050685569,9.666124089771587,97.81091526567887,22.488861152056707,0.42981830090971845
630,6.236377843630244,4.990289287213336,94.26283486576949,18.709133530890732,0.26673011227237475
632,4.693567521939302,5.544586450113797,115.66441716728835,32.85497265357512,0.16875942976962002
633,5.5841151454479805,2.644532510874275,70.26473013453088,27.920575727239903,0.09471626003378625
634,7.3117704223271875,16.720900402522194,104.25857358094228,36.558852111635936,0.45736940403553517
635,6.191993081326761,5.757050656703094,97.4507557846969,92.87989621990143,0.06198381879188112
636,4.976142956358489,6.961524181058905,92.54240107867096,24.88071478179244,0.27979598826289775
638,5.209415428947536,21.08766860142261,89.55068894492705,109.39772400789826,0.19276149291643516
639,3.1875301086842383,5.4118233839127585,62.50875373427181,12.750120434736953,0.42445272667139394
640,4.1747344290517585,16.045551643075274,99.12504435635397,37.57260986146583,0.42705448735759677
641,5.075304493301249,31.301531531938,99.2999219231641,106.58139435932623,0.29368663939982514
643,6.388356002372668,21.22354942761571,87.84014827925849,57.49520402135401,0.36913599645168965
645,4.858398335637055,3.9884160189483078,90.00890044497964,92.30956837710404,0.043206962063291075
646,4.6896516802152926,8.984271931297643,94.36639848617577,32.82756176150705,0.2736807563281298
648,3.0059325257943743,3.5179743260965766,112.34222559352688,6.011865051588749,0.5851718719412847
649,6.491065022018017,37.7596158196851,55.047980063274174,58.41958519816215,0.646352001500911
651,11.047587683477792,11.189063763201636,120.3527176728669,22.095175366955583,0.5064030304070557
652,6.162160188764569,24.157587182839556,77.52147817414846,110.91888339776224,0.2177950808989746
653,1.1540113475899667,4.522228546703529,93.95065217240129,48.4684765987786,0.09330246923455994
655,5.866050676822132,41.41818481301254,35.65298090199976,46.92840541457706,0.8825824028563111
656,4.687841299909221,13.987545497475857,96.16769145548392,42.19057169918299,0.33153249491868636
658,8.238433854469829,3.924504993477593,84.24576972190832,16.476867708939658,0.23818270940831315
659,6.6126776356724575,11.514774747444324,58.177285678429854,13.225355271344915,0.8706590115120107
660,3.832071283074037,6.711741047496766,87.4500900202427,7.664142566148074,0.8757328024066263
661,4.170832665777503,20.08563429606956,103.36610175738254,29.195828660442523,0.6879624664767136
662,7.632658234281456,47.75308923153074,79.22781201129479,114.48987351422184,0.41709443609088176
663,5.237643623334061,10.158030413233387,83.65338295505406,99.51522884334716,0.10207513494466004
665,3.9351372175821626,31.942616056391905,85.42379316159847,192.82172366152597,0.1656588036338847
666,4.998087866456512,14.604560709339767,21.518117059712377,14.994263599369535,0.9740098680107134
667,5.684913565385402,15.435314746597497,103.33156524206048,119.38318487309346,0.12929220110022632
671,3.914757658261333,5.927511579406121,89.85013052529125,11.744272974783998,0.5047150719446847
672,5.086477689803732,5.565775397886691,99.558238662792,61.03773227764478,0.09118581556355052
673,7.5795023486688775,17.880215518881506,100.18835635546601,37.89751174334439,0.47180447201844733
674,5.489725176118756,10.957294755889311,118.69435438961622,10.979450352237512,0.9979820851101453
675,6.895336968246926,6.672294109657591,86.49144114363571,20.686010904740776,0.3225510293107527
676,6.349766804105184,10.516035680232143,100.39807054516211,19.049300412315553,0.552043143454939
677,4.611892125745073,3.7451746680162885,90.94880406022814,13.83567637723522,0.27068966965565044
678,6.557866313961133,27.442620968984578,95.94029011572921,91.81012839545586,0.2989062475850197
679,1.945586857369488,3.842787724201233,158.96752421895863,3.891173714738976,0.9875651939273575
680,5.235919613183229,18.42093310270416,105.59466911194382,57.59511574501552,0.3198349871238582
683,4.885391909923448,19.321410745730066,91.04104013298848,39.083135279387584,0.4943669592423964
684,7.5855541317360995,33.25085646586694,103.47895114427168,113.78331197604149,0.29222964148616387
685,8.495192126132839,29.745414742965156,50.845885731421376,42.47596063066419,0.7002882171778685
686,6.920411099465094,9.041077266761356,116.85552730875693,13.840822198930187,0.653218221924719
687,6.365812305867608,22.31754667244861,93.4261474182912,82.7555599762789,0.26968032938023406
688,8.825452713977013,17.426488202541098,170.30678942226973,17.650905427954026,0.9872857952625187
689,5.480531830301668,6.4552964382642415,91.20601598801714,147.97435941814504,0.04362442563459865
690,5.681196253096914,12.826998518051878,104.2681505347714,17.043588759290742,0.7525996255371785
692,8.027117379569205,13.168512620390901,68.26425963880853,40.135586897846025,0.32810066173711844
693,7.0548234767587275,3.492291744353331,78.29229783466506,21.164470430276182,0.16500728217406943
694,5.286278339993083,5.385044314617674,75.44531722310808,21.14511335997233,0.25467086522276844
696,5.343982159082191,22.601492847823632,100.48480212888258,42.75185727265753,0.5286669232561901
697,6.959112651847444,21.958898717054453,95.01444739990283,34.79556325923722,0.6310832951159369
699,6.746888958909165,22.799346372643928,48.626316128802635,33.73444479454582,0.6758476836212856
700,3.2307441357262148,5.787351736125522,51.27353959573155,6.4614882714524295,0.8956685353271756
701,2.4367647901958636,4.604132040710033,86.06385854211837,4.873529580391727,0.9447222931065002
703,5.843927213744982,3.3757632802368733,99.63334280051171,99.34676263366468,0.03397960024812083
705,7.524305929662621,14.203036940911632,160.00844549683083,15.048611859325241,0.9438104373800014
706,9.190692997209528,52.29161243974767,144.3479492826456,64.3348509804667,0.812803816948677
707,5.6684147857711595,28.49499329230658,121.95546125662311,56.684147857711594,0.502697744770454
708,5.335630150329206,3.574675615119189,83.02825523397387,26.67815075164603,0.13399263121333974
709,2.0169263514913744,3.405156368236479,110.74397718847919,4.033852702982749,0.8441449450344596
711,4.68654084983853,16.77234129598633,121.23505774471072,51.55194934822383,0.3253483429441685
712,6.596760579636032,13.000058343168407,110.0654487401595,13.193521159272064,0.9853365289092899
713,7.75981725921648,5.4793081735581435,97.91472756828001,77.5981725921648,0.07061130424238105
714,5.91650896736943,6.042560982777592,99.73931277788999,76.9146165758026,0.07856193337221402
717,7.095882598494289,7.711482469667063,73.56733801169445,21.28764779548287,0.36225150583820726
721,4.007960022743735,14.886090707256589,82.08992646700162,16.03184009097494,0.9285328834858236
722,7.557433503653845,11.793250548259847,110.0717756195293,30.22973401461538,0.3901208837152878
723,3.387068475885333,7.396493427978891,29.6955256779385,16.935342379426665,0.43674897514704364
725,4.747064117896191,10.32191171419041,96.13926823588723,61.71183353265049,0.1672598450462389
727,5.638102232002561,0.1769098330133044,81.53865300188909,129.6763513360589,0.001364241291419736
728,9.378523076175284,26.366667911586987,53.3109765881091,28.135569228525853,0.9371293574133405
733,7.082892762204703,7.928319812434008,97.41691153217518,28.331571048818812,0.27984045779785843
735,6.046699210058713,19.087896106637253,102.6800634602838,48.3735936804697,0.39459330296445966
736,3.437233354626541,18.034361289341582,98.6974346469247,37.80956690089195,0.47697878520042347
739,7.475570583301433,28.788615586672574,107.48017001801982,37.377852916507166,0.7702051707191204
743,5.323607883199125,4.209690844331006,108.39421154897515,69.20690248158863,0.06082761535890045
744,5.5032085913219895,2.9287834384156226,87.83704122636203,16.50962577396597,0.17739853577020637
745,4.3159684958610764,25.509313986147408,104.17838870362294,77.68743292549938,0.32835830745765926
747,3.771973545354863,20.915347610100216,115.73227672901001,49.03565608961322,0.42653345092145156
748,6.123601897951258,25.299191008865172,67.08553811150728,73.4832227754151,0.3442852674846127
752,4.252973898967616,13.124089647766175,98.85811263953838,17.011895595870463,0.771465447445608
754,2.185197302394561,5.557703162575198,38.254752837531626,6.555591907183683,0.8477805271077066
756,4.581826095208073,8.284256407330552,94.71625475362703,13.745478285624218,0.602689570721936
757,4.674013001572488,27.148951043462052,78.16241881281361,98.15427303302226,0.27659469327767594
758,3.1846819958833033,1.0597397223159155,104.15320833869589,15.923409979416515,0.06655231032082914
759,5.994969513365446,11.953766382039106,119.4381006663367,17.984908540096338,0.664655389010673
760,4.119461937893787,3.529381320470041,99.49594445750171,41.19461937893787,0.08567578420871526
761,5.632251475630516,12.804879637617509,88.84056319023331,50.69026328067465,0.25261024127486215
762,6.802183836283611,17.531161723772005,94.27663396830242,20.406551508850832,0.8590947723905384
767,7.398276463206345,6.815074833541114,76.24036369732644,29.59310585282538,0.23029265219522235
770,2.881651649530065,3.912893656632476,82.93144386231204,11.52660659812026,0.33946622740387306
773,4.429678424568208,10.914166688543213,84.62459222618921,39.867105821113874,0.2737637072908112
774,3.210660753931698,9.471844535198766,90.59009218898511,83.47717960222414,0.11346627402043181
775,4.224684963901491,13.595649264903937,115.15341862384282,42.24684963901491,0.3218145111664935
778,5.770420979053588,20.20383886950841,80.20310589063749,121.17884056012535,0.16672744825845948
780,5.511015697670375,15.601892440453495,129.01195745132048,22.0440627906815,0.7077593902993576
781,4.9363604131697665,14.594505762117894,15.581885968367333,14.8090812395093,0.9855105476213515
782,7.2376811480184875,9.401463279027213,98.91436394311296,65.13913033216639,0.1443289652638281
783,3.979922597307286,4.318680135138636,100.53814433756844,23.879535583843715,0.18085276909910025
784,3.7644667258218343,2.3863501401075253,111.52148085653452,37.64466725821834,0.06339145259908102
785,4.198059783557568,7.25738998089633,52.725984049892794,8.396119567115136,0.8643743008759858
786,4.986812704770419,25.82912482777325,62.01815438541323,69.81537786678587,0.36996326048764766
787,6.4101334408088855,10.96551900156661,91.20527856157784,12.820266881617771,0.8553268900579148
789,6.008460945945637,19.29681685970943,86.64810019359359,90.12691418918455,0.21410715137992706
791,7.353455023386775,11.865323255984205,68.27600194793487,29.4138200935471,0.4033928003315441
792,5.776205782356593,10.78317127852342,39.1007976852662,11.552411564713186,0.9334130123497844
793,8.695198398227294,14.523517590420617,81.18783293210839,34.78079359290918,0.4175729214350518
797,5.910650296395435,30.25219605348881,94.9084080743298,124.12365622430413,0.24372627244253908
798,5.1893131833586486,11.418657147906497,83.39407755972655,88.21832411709703,0.12943634173723234
800,3.3969038435267316,2.4321464504773624,107.79559886466306,10.190711530580195,0.2386630652019733
802,6.180212314769657,9.01369002005944,72.57856249962484,43.2614862033876,0.20835368386751407
803,8.434943442932532,12.214251662622365,44.94642965915859,16.869886885865064,0.7240268856133493
804,5.610551905325856,9.871381200664041,29.923252685494067,11.221103810651712,0.8797157006330841
807,5.068988094336135,8.919124673083413,93.27631620905328,30.413928566016814,0.2932578951030105
808,3.192443046081057,8.593742311095967,101.64165526926996,25.539544368648457,0.3364876908941796
810,2.9458104378133356,1.6508958124367628,91.06248745621886,94.26593401002674,0.017513175144068086
812,6.180248173268964,3.182196788774293,95.60191630153217,30.90124086634482,0.10297957944595322
813,3.419513986905575,6.869721199278989,96.03239138824871,23.936597908339024,0.28699655755531234
814,5.582431300253344,13.223792796829919,125.43493924904368,22.329725201013375,0.5922058009128475
815,5.704382967580341,8.277629404855709,87.5125480895436,22.817531870321364,0.3627749684716065
816,5.148224146319779,14.337598497141162,17.219545303586273,15.444672438959337,0.9283200115642743
817,3.2398486548688146,6.920355968072046,98.736321937906,74.51651906198273,0.09287009182911113
819,3.6385432756278435,24.479008927464577,65.71967602867281,61.85523568567334,0.3957467570224505
824,2.8496275880651605,3.0413683480867593,83.11206229793282,5.699255176130321,0.533643126004368
826,6.7402710765408145,7.756747382687302,76.17160888866776,20.220813229622443,0.38360214767841627
829,6.786915433349047,25.782428847172635,89.25880651269605,67.86915433349047,0.3798843392166761
832,4.71653232580481,5.01525867489739,101.84133080842163,14.14959697741443,0.3544453374115701
833,7.26910387872392,10.022231461872016,60.57226532828105,14.53820775744784,0.689371869564712
835,3.951236920080252,5.435170146732638,79.47846209599854,43.46360612088277,0.12505106298856378
836,3.644733394468221,7.254993459942352,172.31491781813523,7.289466788936442,0.9952708023793437
837,6.796318418072382,6.3435698783338825,77.5876178183903,61.16686576265144,0.10370925172051686
839,4.246739337285101,12.295643332676404,75.71176776959474,89.18152608298712,0.13787208935216916
841,3.8249155518737044,5.927731709389083,79.11279552338863,7.649831103747409,0.774883997959808
843,5.757940025023146,15.972665667786455,112.09931014995605,63.337340275254604,0.25218402917412763
845,4.614819024942962,11.82901716639298,91.82247494580326,32.30373317460074,0.3661811191436447
846,7.4233995529164805,26.111019124168042,72.67012776018976,37.1169977645824,0.703478748194542
847,3.4760426607066153,11.43686324708556,64.2411505617402,17.380213303533075,0.658039291425765
849,5.6219029097445175,8.761102942522179,93.03784706886739,101.19425237540132,0.08657708058379668
852,5.458154646001294,7.495629214550511,103.29914587267727,21.832618584005175,0.34332250095011024
853,10.61374613111595,15.022046132060266,105.69276358792743,21.2274922622319,0.7076693726459433
854,7.057379436465455,13.71311732113994,114.24679873972762,14.11475887293091,0.9715445686740541
855,5.9665291613787454,28.51078445513051,71.1554458350501,65.6318207751662,0.43440489869692034
857,3.5098482058278355,19.185578315215203,68.81636391491632,52.64772308741753,0.36441420806288266
858,5.066269168338747,11.046244661120122,100.91772303872021,86.1265758617587,0.12825593669078855
862,6.527668397329606,21.928608819741,135.47787138154428,32.63834198664803,0.6718665068437527
865,3.6487759304638883,8.026869483624974,73.7161307436994,91.2193982615972,0.08799520317603582
868,4.634208350294142,2.980389078540373,87.18333628344094,55.61050020352971,0.053593998752616896
869,4.418826751242567,14.035223889948863,52.53590731758665,17.675307004970268,0.794058280628573
872,2.1439273553690916,6.449676222783205,108.08827011928263,21.439273553690917,0.3008346437966341
873,3.1753491022313756,5.217168341862294,68.55861847369842,9.526047306694126,0.5476739904699083
875,5.33515440234288,31.64535150076407,87.81330670558295,85.36247043748608,0.37071738128688614
877,5.523841253754536,8.499875700547795,84.62081366794277,27.61920626877268,0.3077523523968202
879,7.2414578035436,6.856693133197981,95.09431092248136,94.1389514460668,0.0728358774755023
880,4.375115068291005,3.6879936283535195,77.17582910414365,8.75023013658201,0.4214739007760673
881,5.448842407727167,13.074677237969434,108.59400547073831,32.693054446363,0.3999221687719653
883,4.992161425483724,4.147246287436693,88.36320535864252,34.94512997838607,0.11867880560186236
885,5.374684906786582,12.2995963715106,95.05179188984357,42.99747925429266,0.28605389396827646
886,10.22905687291291,16.160586494822862,142.00100321600246,20.45811374582582,0.7899353134704412
889,2.6734687937734196,5.244065157212432,78.9162246472698,34.75509431905446,0.15088623006087995
890,8.25380306046033,4.216087516318766,101.91699638861859,49.522818362761974,0.08513424024931904
892,3.3489754606159994,19.724642283266682,85.1124122573283,46.88565644862399,0.42069672853744516
893,5.25236575825727,14.572615886174361,84.77835419173987,78.78548637385904,0.1849657412410104
894,7.7993118003174144,18.75415748314209,85.65778270269057,46.795870801904485,0.4007652205582814
895,5.646058051212468,6.500072928848542,84.81976711409699,62.10663856333715,0.10465987339211225
896,3.2095100413207387,9.928159156690047,85.221426130497,35.304610454528124,0.28121423884501956
897,3.981414377870586,9.919246452997953,96.82200798914782,43.79555815657645,0.2264897827659825
898,7.34618023923212,7.540751838395332,103.512332025689,14.69236047846424,0.5132430455574795
901,7.850960441763853,6.363466233163186,83.54389136618963,15.701920883527706,0.4052667364945686
902,6.0650735028938385,5.614739755335993,106.39467588833607,12.130147005787677,0.4628748318266071
903,5.668646680361574,6.036888795141413,88.48443429572987,28.343233401807872,0.21299224084844007
905,4.2435074900319,15.669075305072239,91.32804063210747,21.217537450159497,0.7384964132562165
906,7.727478042463317,15.345530685122668,161.83434714190318,15.454956084926634,0.9929197210782961
907,7.445546368276211,33.316800427645596,74.61637845925746,89.34655641931452,0.37289406288123406
908,6.1444753969635775,10.991397332006335,38.35008048579648,12.288950793927155,0.8944129988247627
909,2.319050863099117,16.14653220967659,91.29653586230353,55.65722071437881,0.2901066924009233
910,8.184523626792682,18.68433779177218,29.517069408460113,24.553570880378047,0.7609621379635556
911,4.1052557026147705,40.594160370166314,66.23982751546227,57.47357983660679,0.7063099338091096
912,5.150835998723565,7.73891520467563,87.31747753072115,56.659195985959215,0.13658709888141407
914,5.18970228561976,12.078794087831113,68.95589508989517,25.9485114280988,0.4654908286858945
916,6.000110823165498,21.253584261889277,71.19016433615545,48.00088658532398,0.4427748271713683
917,6.107303687233286,9.73627884343053,98.84870894571368,54.96573318509957,0.1771336117839668
918,7.3837931021372825,14.644952315616543,48.0768484108413,22.151379306411847,0.661130492735388
919,4.792813965386309,20.038453601264127,113.32407010351848,33.549697757704166,0.5972767249941203
921,7.448375394498053,22.573046023401712,101.33274324924054,44.69025236698832,0.5050999899941472
923,9.289579052168849,50.16638264156744,127.89126566616174,65.02705336518194,0.7714694122743151
925,6.605759386339805,6.250224106216806,115.55262525644895,19.817278159019416,0.31539266169971725
926,4.325098709815208,1.2332929089349314,93.8931891364142,51.9011845177825,0.02376232682150786
927,4.822454331713881,4.3138654816988815,81.84403079861262,38.57963465371105,0.11181716779901965
928,3.148300149254947,6.131654414602314,101.44947679937108,9.44490044776484,0.64920265158045
931,3.0011242341539943,15.500095381585405,101.12667673786108,42.01573927815592,0.3689116423483697
934,6.467982036317014,9.58183828755182,70.17372378959793,51.743856290536115,0.1851782795961484
935,6.299167233167574,13.973432132284303,88.79663145527877,25.196668932670296,0.5545745816490126
936,1.9746928644427713,1.8990753110163303,100.15325853882557,7.898771457771085,0.24042666902939117
937,4.790765033919804,1.901478636178414,106.44905642300319,76.65224054271687,0.024806563026931423
939,5.697932720431099,11.716946917071178,111.31034710500614,39.8855290430177,0.2937643601125138
940,7.948345876647055,39.461116827955834,69.6836611793226,63.58676701317644,0.6205869346963135
942,5.931399297579702,4.049080133625145,98.72104343332833,23.72559719031881,0.1706629384771552
943,6.080471974742719,10.962520411879023,87.23012440353773,36.482831848456314,0.3004843609020136
946,4.657238484883958,17.405928477212775,107.92442017592097,41.91514636395562,0.41526584032593944
947,4.233779830834274,18.5359343689992,101.14857603503667,42.337798308342734,0.4378105406899882
949,1.4300829554738,2.6647072310484905,40.42966946013078,2.8601659109476,0.9316617685879796
950,5.5921241502143495,1.663377670388896,87.25541775452831,16.77637245064305,0.09915002038030801
951,6.7808797303017725,15.586175178869757,102.33997296182382,47.46615811211241,0.32836395020755804
952,3.357272881921347,4.114006589029013,101.69927577198719,10.071818645764042,0.4084671034817791
953,3.337585955179364,4.050618737134074,78.27587362229592,13.350343820717455,0.3034093197546122
954,3.9418779647127504,15.874997323028856,105.14375022286308,51.24441354126576,0.30978981367881486
956,5.138207866752709,11.00202455521388,95.75437432153231,71.93491013453793,0.15294416208537814
958,4.822041458311292,3.5181154640999313,92.12902946837937,24.11020729155646,0.14591809276281073
962,3.4208095146930657,8.214602754749972,104.86341582403728,23.94566660285146,0.3430517467311507
966,3.135544756265457,23.37028458673412,88.10470069817539,43.897626587716395,0.5323815067777191
968,0.5502570863917624,0.7432473859556216,126.48001487809847,1.1005141727835248,0.6753637566299848
969,8.195774898285734,9.584022964404433,54.21911232038978,16.391549796571468,0.584692910880768
972,7.182115486630877,14.697432855150247,57.50629601796768,21.546346459892632,0.6821310927357791
974,4.691674686931345,16.920561902249503,156.7066752560594,18.76669874772538,0.9016269792416401
977,4.027411651392695,10.395756504713221,93.6106221628769,40.274116513926955,0.258125004458343
980,3.415952553462171,15.35747740417879,102.14465724665811,30.743572981159538,0.49953456657722417
982,5.514648657925096,14.349341449375915,93.30308451826514,38.602540605475674,0.3717201309631029
983,6.380298173450429,5.092193469538178,90.3475078074097,31.901490867252146,0.15962242926914336
984,7.311213538225583,13.916383969616415,129.0635421586274,21.933640614676747,0.6344767024359996
985,5.538319992741622,7.7004072351631585,84.0171724376135,27.691599963708107,0.2780773680558405
987,6.216799791620101,5.945248722634112,115.95224317598779,18.650399374860303,0.3187732660914476
988,3.2995287588370155,6.485045647526793,103.6316340246015,56.09198890022926,0.11561447141875704
989,1.6946588505197184,3.853586598019996,143.88716759352607,5.0839765515591555,0.7579866978021716
991,5.909459859552388,11.512795497710071,92.33203831861738,47.27567887641911,0.2435246996199689
992,3.6398867625808737,11.455735570104727,31.106724984928675,14.559547050323495,0.7868195027296673
993,5.784295640567567,9.037162072667732,102.30384361064328,52.0586607651081,0.17359574641084152
994,3.879151776885932,5.905971158585522,139.56544263057646,7.758303553771864,0.7612451765585028
995,6.535480456432398,18.248108515805896,105.9490180335443,19.606441369297194,0.9307200716383757
996,4.651536728543235,15.097663193468755,114.74183059752545,37.21229382834588,0.4057170800357474
997,3.541923970642093,5.854798847901671,90.52167867480061,42.503087647705115,0.13774996528323494
999,4.278518168367642,7.216031534791882,52.78350675681337,17.114072673470567,0.421643151368513
1001,6.260575179354241,3.8985702013784134,98.40741789566704,12.521150358708482,0.31135878810583495
1002,5.12101258457197,11.90851351958566,130.6481046350851,15.36303775371591,0.7751405490561467
1004,3.8743384444943243,18.76039622329181,102.48971052648272,50.366399778426214,0.37247840436924734
1005,7.898767296919103,21.135911044392508,108.43828528870706,31.595069187676412,0.6689623282305242
1007,7.641093665566843,7.219293969680046,107.75643706031771,22.92328099670053,0.31493283927022303
1009,4.736472104325377,16.179572891851592,89.38468799442195,71.04708156488066,0.2277302956783144
1010,5.70518269154526,4.788754252585359,94.60093733043658,22.82073076618104,0.20984228338918956
1013,8.265372135277156,7.819933076235436,77.98922284328063,49.59223281166294,0.15768463392106777
1016,3.5819763275469705,9.184813780609913,87.43621693350835,25.073834292828792,0.36631069956607326
1017,6.84389256733927,16.684859666150995,105.87467988920275,68.4389256733927,0.24379195760283012
1020,6.06010887753791,5.2627053946320865,94.92156062088921,30.300544387689552,0.1736835261867509
1022,2.6232990156201024,15.439740169738439,140.969187912614,15.739794093720615,0.9809366042404657
1023,6.664316466986701,14.277568461794862,116.2047600064567,19.992949400960104,0.7141301753661831
1024,3.1967356290863873,12.92135364648193,89.69267279459704,22.37714940360471,0.5774351957627115
1027,7.137624533730955,14.174287526382102,116.33223015085179,28.55049813492382,0.4964637555322963
1031,4.189106824226603,8.966349638428907,110.22927600222631,12.567320472679809,0.7134655042752288
1032,4.296302874345071,6.807809292357648,97.04040865405676,25.777817246070423,0.2640956457783652
1033,2.110454846167033,4.143109208944925,167.68825167120747,4.220909692334066,0.9815678398591563
1036,3.5031968625163508,4.169390972199079,68.55184793158608,17.515984312581754,0.23803349545159164
1037,6.087243612679688,17.21406950678175,108.74852151289278,30.436218063398442,0.5655784654625932
1038,2.4033848061968097,2.2420251389594386,62.313771242551894,4.806769612393619,0.46643074658262657
1039,4.471196857544993,4.601053600622918,102.28660080008112,22.355984287724965,0.2058085898346791
1042,6.780445121344724,14.25446155458873,98.23630959520514,27.121780485378896,0.525572484530401
1043,5.064523885131202,5.791496063861504,79.69925946134379,25.32261942565601,0.22870841150002666
1044,3.726169248459506,10.553362690781306,81.58361335623228,11.178507745378518,0.9440761621464491
1045,1.6789590671510026,1.7989904852555243,108.27684425090084,3.3579181343020053,0.5357457845319008
1046,3.44081503033196,10.33649819277175,61.638321372101196,13.76326012132784,0.7510210590842568
1047,3.9689056090126535,13.197195249832113,99.25082618881935,15.875622436050614,0.8312867922497145
1048,5.700918485396101,13.468524082281794,125.51703677257794,22.803673941584403,0.5906295677084216
1049,7.578655685344829,3.297813379408218,77.54246704835961,15.157311370689659,0.21757245059868208
1050,2.949481460697299,5.749580822592075,167.07784329166415,5.898962921394598,0.9746765489471484
1051,3.9592734945178485,10.058283769100587,99.66587965306951,15.837093978071394,0.6351091799434698
1052,3.9629641967019458,1.3622423618433428,86.35347918640876,19.81482098350973,0.06874865854084812
1054,4.09933124581426,3.5673154675428465,81.1484097985577,8.19866249162852,0.4351094426908482
1055,2.1663326616553604,13.18770041783536,76.0203985534891,19.496993954898244,0.6763965998215948
1056,4.011164120677363,8.165492528104535,91.49342901664025,16.044656482709453,0.5089228639394112
1057,3.4910834719894535,9.670515391985441,97.1482523432185,31.419751247905083,0.30778459433634836
1059,4.29256009197181,7.537548015973181,81.33579549325788,34.34048073577448,0.219494539810588
1060,4.476792048264963,6.830239391038093,53.56107081767913,13.43037614479489,0.5085665001039631
1062,3.7699447938943194,9.448022167276378,85.69473463482096,37.699447938943194,0.25061433744542067
1063,6.337941328096591,25.884026232947473,97.25362504856736,38.027647968579544,0.6806633493171659
1068,8.836424625194145,4.116798338563826,95.15021676356275,17.67284925038829,0.23294480025473968
1069,4.597987381178854,21.357954041986456,126.53129891423904,36.78389904943083,0.5806332279589305
1070,7.341967913063532,3.031255181908058,100.51277970669618,22.025903739190596,0.1376222840979078
1071,3.562067940954428,10.684105598302892,87.16401220955612,21.372407645726568,0.49990182554089496
1076,6.8012098113933686,8.750893654461052,101.63989716438579,27.204839245573474,0.3216668025665661
1077,4.2038731664072255,6.317891137937305,91.78453537275728,25.223238998443353,0.2504789784661364
1078,4.853231201457781,11.897832816962795,106.38367336341105,24.266156007288906,0.4903056262140985
1079,4.068442489344683,17.45445713603947,80.15361450450587,28.47909742541278,0.612886598030467
1080,5.3265308174449055,26.87709019885534,118.8047114317793,37.28571572211434,0.7208414718163612
1081,8.950268902383812,17.722397876747255,39.645715669372805,17.900537804767623,0.9900483477109318
1083,3.3476314145418855,3.507598294751675,66.64180402659785,6.695262829083771,0.5238925467593153
1085,4.107877236886442,12.169836263857409,78.37122180073648,28.755140658205093,0.4232229780585276
1086,5.468114998404396,12.653615781543996,49.415905724640055,16.40434499521319,0.7713575754006843
1087,2.9566653503440263,5.132494533742025,128.93933219201446,8.869996051032079,0.5786354925315698
1088,2.633324643457113,7.5860066439421905,110.22434139869044,7.899973930371338,0.9602571743658412
1090,9.477101584727087,8.905976604189817,117.87421534164534,18.954203169454175,0.4698681619358353
1092,5.265353465294117,3.000160746722223,96.24863146720426,21.06141386117647,0.14244821200026678
1093,1.7869759397112368,6.21968344343091,133.31862238289773,7.147903758844947,0.870140904700145
1097,3.499753967088015,1.6720277584211358,68.53691766471276,10.499261901264045,0.1592519335306641
1098,5.209777559764558,10.339047960994966,119.87490937013149,26.04888779882279,0.39690938211428023
1099,8.099855618029942,3.8064517840623444,101.54218428536525,32.39942247211977,0.1174851739205493
1101,7.685946285616257,8.32838011335444,94.8852084677766,30.74378514246503,0.27089638035008307
1102,2.8799543355775286,7.2307860037490235,108.18853274125264,11.519817342310114,0.6276823485031929
1106,7.57359198379582,11.233016861116646,136.60507571113556,15.14718396759164,0.7415911026861757
1107,3.4647028415727488,7.853348179961616,141.16508245472224,10.394108524718247,0.7555576470349098
1111,5.9552599112207245,14.64898707275148,43.622907078742344,17.865779733662173,0.8199466964853648
1113,3.645195599246385,7.277703649792365,48.051183445654175,7.29039119849277,0.9982596889035216
1118,4.781500288696188,9.012385802774597,117.0097658601936,9.563000577392376,0.9424223840454979
1119,5.808194475537611,10.98899446791396,63.675878011075795,11.616388951075223,0.9459905754013866
1124,4.110444998512111,7.032603239331414,97.67963225299799,8.220889997024223,0.8554552173641854
1127,6.041200158262853,12.865332020409532,118.51728831912276,24.164800633051414,0.5323996757007368
1128,4.02813956675598,5.031482439762912,67.4512051360237,12.08441870026794,0.41636114773574934
1133,8.79553616805022,1.7475314010472711,90.06742382380482,17.59107233610044,0.09934194844170945
1135,7.7380154600095095,4.760308098717474,83.12251153087861,15.476030920019019,0.30759230989644626
1136,2.9963761012370917,7.6632850604526235,125.78564039424612,8.989128303711276,0.85250591620644
1138,2.327346642568314,2.7595474738730537,89.29881864700808,6.9820399277049425,0.39523513220299517
1139,5.864293801872841,8.077657377838001,99.62794804266453,17.592881405618524,0.45914351331091746
1142,3.3155666443537513,6.628194648152577,121.63994631200865,6.6311332887075025,0.9995568418810206
1143,3.616342598818693,1.6297239543351547,90.67820423897977,7.232685197637386,0.22532764938636027
1144,0.3895287141815408,0.6561624536373865,122.20514114541822,0.7790574283630816,0.8422517130939677
1146,2.7877718536416225,2.8190754076773414,63.41490849819891,5.575543707283245,0.505614439717301
